,ADM,AXP,DIS,FDX,IBM,INTC,KO,MAT,MSFT,PG
2005-01-03,21.96,48.958,27.3229,97.4,97.75,23.07,20.77,19.17,26.74,55.19
2005-01-10,21.72,48.2224,27.0286,95.66,96.7,22.61,20.48,19.19,26.84,54.5
2005-01-17,21.71,46.7338,26.6951,95.41,95.0,22.54,20.58,18.88,26.73,56.3
2005-01-24,23.19,46.5849,28.1961,93.85,94.9,22.94,20.625,19.3,26.32,55.99
2005-01-31,22.65,46.7951,28.255,94.51,92.19,22.26,20.62,18.63,26.02,55.73
2005-02-07,23.99,49.6936,28.255,95.72,93.86,22.63,20.71,19.63,26.39,52.87
2005-02-14,23.73,48.2224,29.2753,96.79,94.13,23.41,21.325,20.94,26.24,51.98
2005-02-21,24.4,47.7233,29.0202,97.18,94.33,24.47,21.325,20.78,25.93,53.48
2005-02-28,24.91,47.0928,27.892,95.64,92.32,23.76,21.395,20.5,25.23,52.25
2005-03-07,24.39,47.9948,27.941,98.1,93.3,24.62,21.635,20.94,25.28,53.51
2005-03-14,24.88,47.6532,27.9901,100.73,92.13,24.8,21.71,21.0,25.4,53.35
2005-03-21,24.6,46.8476,28.0587,98.63,91.38,23.88,21.12,20.67,24.91,52.92
2005-03-28,23.7,44.816,27.2543,94.65,89.5,23.02,20.7,20.35,23.99,52.05
2005-04-04,24.42,44.5797,27.372,93.21,90.6,23.15,20.695,21.24,23.92,51.86
2005-04-11,24.0,44.9562,27.9999,92.89,89.57,23.13,20.93,20.96,24.47,54.0
2005-04-18,21.81,45.8144,27.6075,91.82,85.75,23.22,21.165,20.86,25.32,55.52
2005-04-25,20.5,44.2644,26.6362,85.05,75.48,22.63,21.2,18.93,24.63,54.33
2005-05-02,21.12,45.1402,26.2928,84.63,75.43,23.32,21.48,18.33,24.76,53.37
2005-05-09,19.05,46.4098,25.7532,84.88,76.47,23.83,21.88,18.04,25.36,54.9
2005-05-16,19.28,45.9545,26.44,86.45,73.3,24.67,22.115,18.01,24.9,54.88
2005-05-23,19.53,46.1735,26.7637,87.53,74.29,25.7,22.2,18.34,25.46,55.63
2005-05-30,20.09,46.4187,27.1365,88.68,75.81,26.96,22.51,18.68,25.76,56.0
2005-06-06,19.85,47.303,26.9207,89.42,75.55,26.96,22.315,18.18,25.8,55.15
2005-06-13,20.69,47.8722,26.7735,89.96,75.04,26.86,22.055,18.29,25.51,55.45
2005-06-20,20.96,48.1611,27.1169,85.17,74.89,27.15,21.865,18.37,25.36,54.39
2005-06-27,21.53,47.9422,26.2241,88.23,76.41,27.18,21.84,18.47,25.15,54.33
2005-07-04,21.29,47.3468,25.3706,81.56,75.3,26.33,21.435,17.97,25.07,53.33
2005-07-11,21.23,47.3205,24.5661,83.0,74.79,26.68,21.2,18.48,24.98,52.75
2005-07-18,20.9,47.3293,24.9291,82.7,80.04,27.75,21.41,18.88,25.61,53.94
2005-07-25,21.74,46.8915,25.2725,82.16,83.7,28.71,21.665,18.66,26.16,54.88
2005-08-01,21.86,47.5306,25.3902,84.65,84.12,26.89,21.845,18.51,25.54,55.11
2005-08-08,21.93,48.5639,25.0763,85.5,83.31,27.56,22.14,18.65,26.81,55.36
2005-08-15,20.56,48.6778,25.6453,84.63,83.5,26.9,22.05,18.21,27.35,53.94
2005-08-22,20.66,49.0893,25.763,84.36,81.3,26.0,21.65,17.86,26.74,53.58
2005-08-29,22.32,49.0368,25.3117,82.51,82.03,25.72,22.095,17.66,26.87,55.4
2005-09-05,22.34,48.3363,24.8114,81.37,80.54,25.57,21.695,17.85,27.18,55.4
2005-09-12,23.76,49.9388,24.6937,81.35,81.02,25.7,22.26,18.13,27.0,56.57
2005-09-19,22.93,50.5604,24.3405,80.02,80.75,24.9,21.83,18.39,26.48,55.54
2005-09-26,22.39,51.2259,23.3005,77.0,78.7,24.48,21.45,16.84,25.84,56.04
2005-10-03,23.61,49.6497,22.9179,84.35,77.99,23.83,21.165,16.56,25.34,57.1
2005-10-10,25.0,49.93,24.0952,85.59,80.11,24.5,21.52,16.46,24.98,58.08
2005-10-17,24.01,49.18,23.3202,88.29,83.19,23.42,20.83,16.18,24.41,56.01
2005-10-24,24.42,47.89,22.9473,88.09,83.48,23.72,20.875,15.15,24.57,55.35
2005-10-31,23.98,49.72,23.0749,91.09,83.36,23.11,21.23,15.04,25.03,55.59
2005-11-07,24.49,49.15,24.1933,91.73,81.59,22.65,21.325,15.15,25.96,55.25
2005-11-14,23.76,49.13,24.6838,94.27,83.15,24.55,21.07,15.29,27.05,55.71
2005-11-21,23.93,50.93,25.5668,94.06,85.53,25.08,21.23,15.09,27.5,56.0
2005-11-28,24.41,51.75,24.468,98.25,87.99,26.16,21.17,16.09,27.89,57.14
2005-12-05,24.24,52.13,24.6054,97.9,89.1,26.78,21.525,16.93,27.68,57.68
2005-12-12,23.65,51.5,25.037,99.01,89.14,26.67,21.27,16.41,27.69,57.41
2005-12-19,24.69,50.77,24.6544,98.55,83.71,26.89,20.48,16.74,27.13,58.51
2005-12-26,24.26,51.75,23.8107,98.49,82.48,25.81,20.61,16.15,26.86,58.21
2006-01-02,24.94,51.27,23.6832,104.25,82.99,25.46,20.485,16.0,26.46,58.6
2006-01-09,24.38,52.58,23.9382,103.32,82.06,25.57,20.45,15.5,26.84,58.78
2006-01-16,26.2,53.83,24.8408,101.99,84.07,26.12,20.825,15.44,27.0,58.85
2006-01-23,26.78,52.96,24.8997,98.19,83.16,25.54,20.515,15.0,26.99,58.65
2006-01-30,28.34,52.82,25.4981,101.22,80.85,21.28,20.45,14.86,26.27,57.87
2006-02-06,31.5,52.45,24.831,101.15,81.3,21.255,20.69,16.5,28.15,59.23
2006-02-13,29.99,52.07,26.1947,98.02,79.85,20.67,20.515,16.63,26.94,59.32
2006-02-20,30.9,53.51,26.2438,103.7,81.09,21.37,20.67,17.33,26.65,59.84
2006-02-27,31.19,53.86,26.646,105.04,80.5,20.62,20.925,17.03,26.54,60.88
2006-03-06,31.72,53.88,27.4603,107.24,80.24,20.6,20.985,16.85,26.87,59.93
2006-03-13,31.73,53.59,27.4799,112.0,80.29,20.06,20.9,16.74,27.04,60.3
2006-03-20,34.45,53.96,28.1176,114.76,82.88,19.76,21.395,17.33,27.23,60.01
2006-03-27,34.93,53.59,27.5682,113.22,83.81,19.78,21.375,17.3,27.74,59.03
2006-04-03,34.53,52.57,26.5773,112.62,82.43,19.58,21.08,17.98,27.21,57.53
2006-04-10,35.96,53.23,27.3818,116.92,83.45,19.5,21.04,17.45,27.64,58.0
2006-04-17,36.55,51.25,27.2445,116.06,81.16,19.16,20.645,17.36,27.13,56.49
2006-04-24,36.78,52.3,27.5584,115.28,83.31,19.39,20.65,16.91,27.22,56.16
2006-05-01,36.67,51.31,26.489,113.78,82.67,19.15,20.675,17.17,27.11,57.27
2006-05-08,41.9,52.53,27.3622,116.08,82.42,19.59,21.12,16.37,24.01,58.11
2006-05-15,45.22,53.57,29.0202,119.42,83.23,19.9,21.835,16.14,23.62,56.5
2006-05-22,44.13,52.98,29.7756,115.43,82.16,19.06,21.92,16.34,23.01,56.04
2006-05-29,40.05,52.22,29.6579,107.68,79.83,17.95,21.79,16.5,22.79,54.49
2006-06-05,40.86,53.8,29.6285,107.31,80.16,17.81,21.835,16.72,23.15,54.38
2006-06-12,41.84,53.26,29.9522,108.27,79.76,17.79,21.75,16.6,22.13,53.37
2006-06-19,38.21,52.22,27.7448,105.2,76.93,17.12,21.455,16.53,21.51,54.13
2006-06-26,39.39,52.73,28.6768,108.32,77.99,18.14,21.4,16.45,22.56,55.58
2006-07-03,39.35,52.31,28.8534,114.01,76.63,18.05,21.255,16.11,23.16,55.75
2006-07-10,43.03,53.66,29.4519,118.29,78.02,19.36,21.685,16.61,23.7,56.3
2006-07-17,43.65,52.49,29.6775,114.76,76.47,18.67,21.905,16.42,23.09,57.25
2006-07-24,41.06,50.95,28.5493,108.4,74.26,18.2,21.775,17.82,22.74,55.81
2006-07-31,41.85,50.84,28.9221,109.31,75.89,17.54,22.125,17.82,24.22,56.88
2006-08-07,43.9,52.11,28.7946,103.21,76.14,17.66,22.155,17.94,23.99,55.93
2006-08-14,41.42,52.27,28.4316,102.39,75.33,17.36,21.905,17.98,24.34,59.72
2006-08-21,41.02,52.81,29.0791,100.11,77.08,18.13,22.16,17.8,24.62,60.44
2006-08-28,41.5,53.09,29.0791,100.68,78.95,18.34,22.205,18.56,25.62,61.05
2006-09-04,41.23,52.55,28.5591,100.12,81.4,19.68,22.57,18.69,25.84,61.2
2006-09-11,42.04,52.65,29.2851,101.55,80.85,19.99,22.49,19.27,25.61,61.56
2006-09-18,37.17,52.61,29.6383,104.81,82.28,19.75,22.39,19.3,25.93,61.85
2006-09-25,38.48,53.41,29.8934,106.84,81.87,19.42,22.19,19.42,26.86,60.91
2006-10-02,38.74,55.96,30.482,109.57,82.5,19.96,22.32,19.78,27.2,62.48
2006-10-09,37.01,55.99,30.4133,109.54,81.65,20.57,22.28,19.89,27.37,62.3
2006-10-16,37.12,57.66,30.6586,113.05,84.19,20.89,22.03,20.52,27.69,62.723
2006-10-23,37.27,58.1,30.5114,115.82,86.95,20.9,21.895,21.7,28.44,62.25
2006-10-30,37.97,56.7,30.7861,115.29,91.49,21.62,23.515,22.48,28.28,62.88
2006-11-06,38.5,57.81,30.8646,114.54,92.33,21.34,23.36,22.63,28.71,63.39
2006-11-13,33.53,58.45,32.2283,115.03,92.75,20.8,23.46,23.26,28.95,64.11
2006-11-20,35.97,59.34,31.9144,115.5,93.29,21.88,23.275,23.65,29.42,63.2
2006-11-27,33.71,59.41,32.6011,117.58,93.08,21.57,23.495,23.09,29.92,63.26
2006-12-04,32.7,58.9,32.2676,115.9,91.35,20.98,23.34,22.32,29.39,63.07
2006-12-11,34.58,59.85,33.5528,117.48,94.48,21.12,24.0,22.24,29.13,63.51
2006-12-18,33.47,59.12,33.8863,114.7,94.12,20.73,24.45,22.08,29.43,63.7
2006-12-25,32.78,61.55,34.1905,114.0,96.0,20.66,24.385,22.65,29.99,64.39
2007-01-01,31.94,61.16,33.8765,107.42,95.66,20.15,24.275,22.89,29.99,64.19
2007-01-08,31.96,60.67,33.6214,108.62,97.15,20.25,24.125,22.66,29.86,64.27
2007-01-15,31.21,59.31,33.798,108.17,100.07,21.03,24.305,23.34,29.96,63.48
2007-01-22,31.02,59.13,34.3671,111.68,100.82,22.3,24.25,23.07,31.16,65.0
2007-01-29,32.63,57.54,34.9067,109.22,97.08,20.55,24.06,23.96,30.74,65.64
2007-02-05,31.48,58.01,34.3769,109.21,99.37,20.93,23.905,24.19,30.48,64.59
2007-02-12,34.04,58.06,34.524,115.0,99.85,21.31,24.025,25.39,29.51,64.59
2007-02-19,34.95,57.6,33.9354,113.54,98.29,20.87,24.105,26.42,29.01,64.71
2007-02-26,35.75,58.71,34.3867,118.29,99.35,21.18,23.89,26.93,28.83,64.88
2007-03-05,33.87,55.59,32.4736,113.72,93.96,20.07,23.195,26.2,27.88,61.25
2007-03-12,32.96,56.37,33.7195,112.57,93.8,19.37,23.465,27.06,27.83,62.94
2007-03-19,33.48,54.75,32.9837,112.69,92.71,19.12,23.53,27.38,26.72,61.17
2007-03-26,35.23,56.26,33.7294,112.66,94.5,18.99,23.81,28.15,27.84,62.28
2007-04-02,35.93,56.43,34.0041,110.05,94.73,19.06,24.01,28.26,27.72,63.27
2007-04-09,37.22,55.92,34.2591,107.63,96.1,19.31,24.495,28.57,27.87,62.9
2007-04-16,38.02,56.41,34.3278,108.33,96.46,20.68,25.04,29.24,28.4,63.21
2007-04-23,37.87,58.24,34.4848,108.55,97.12,20.98,25.785,28.3,28.85,63.9
2007-04-30,39.31,60.91,34.2493,107.15,98.49,21.94,25.855,28.24,28.79,63.73
2007-05-07,36.6,61.32,34.7987,106.11,103.17,21.8,26.32,28.59,30.42,62.96
2007-05-14,35.37,63.27,35.8583,108.72,103.29,22.15,26.535,28.66,30.75,61.75
2007-05-21,36.1,63.02,35.2598,106.85,104.83,22.01,26.23,29.3,30.93,62.07
2007-05-28,36.48,64.5,35.5836,104.49,106.7,22.99,25.74,29.19,30.69,63.0
2007-06-04,35.21,64.34,34.9165,108.49,105.91,22.31,26.09,28.41,30.8,63.813
2007-06-11,34.49,64.79,34.6025,110.5,105.84,21.96,26.16,27.42,30.58,63.46
2007-06-18,34.28,62.12,32.9249,107.05,102.34,22.2,25.57,25.72,29.85,62.16
2007-06-25,34.13,63.15,34.76,108.06,106.5,24.1,25.695,25.92,30.46,61.82
2007-07-02,32.76,61.33,34.06,111.69,105.33,23.38,25.975,25.14,29.52,61.19
2007-07-09,34.26,62.42,34.54,111.0,106.58,24.59,26.45,25.64,30.02,61.79
2007-07-16,35.79,60.3,33.89,112.81,108.63,24.97,26.05,25.06,29.33,61.03
2007-07-23,36.06,64.74,34.68,116.42,110.77,26.3299,26.585,26.46,30.7799,62.68
2007-07-30,36.14,61.17,34.75,113.39,116.17,24.529,26.61,24.54,30.8,62.96
2007-08-06,33.6,58.54,33.0,110.74,110.65,23.62,26.055,22.91,28.99,61.86
2007-08-13,34.67,60.43,34.55,111.31,113.53,24.1299,27.23,23.66,29.55,65.23
2007-08-20,33.15,57.3,32.36,107.57,112.05,23.8,27.07,23.0,28.27,63.72
2007-08-27,32.35,59.14,33.29,108.81,109.04,23.89,27.015,22.02,28.07,64.46
2007-09-03,32.09,57.35,33.2,107.78,112.0,23.96,26.63,21.43,27.93,64.7
2007-09-10,33.8,60.77,34.13,110.85,118.19,26.18,27.185,21.97,28.81,65.45
2007-09-17,32.7,59.37,33.49,108.63,117.35,25.66,27.83,21.9,28.93,66.99
2007-09-24,32.45,60.8,34.58,108.99,116.63,25.41,28.2029,23.35,28.93,68.68
2007-10-01,32.8,58.83,34.07,104.59,116.51,25.8901,28.51,23.4,29.5599,69.85
2007-10-08,33.24,60.62,34.77,106.5,118.36,26.38,28.96,24.08,29.7,70.73
2007-10-15,33.53,62.52,35.45,107.11,118.3,25.8399,28.94,22.75,30.0999,71.08
2007-10-22,34.85,60.23,35.01,104.89,119.6,25.48,28.88,22.04,30.32,70.82
2007-10-29,35.01,58.66,34.89,104.22,114.68,26.8,29.875,21.38,30.9,71.26
2007-11-05,35.38,60.3,34.29,103.23,114.12,26.27,30.865,20.47,35.57,68.95
2007-11-12,36.89,58.57,34.08,103.83,113.17,27.49,30.505,21.25,36.41,70.47
2007-11-19,37.37,59.16,33.01,101.95,105.27,26.14,30.52,21.19,34.46,71.57
2007-11-26,36.41,57.0,31.55,93.35,103.42,25.52,31.395,20.26,34.58,73.21
2007-12-03,35.7,55.62,31.72,93.21,103.83,25.11,31.49,20.98,33.06,73.13
2007-12-10,37.03,57.11,32.75,97.21,106.63,26.31,31.375,19.85,32.77,73.29
2007-12-17,37.27,54.56,31.76,97.67,106.99,26.93,31.485,20.19,34.1,73.84
2007-12-24,40.18,51.78,33.02,96.76,106.31,25.91,31.11,19.9,34.74,72.84
2007-12-31,44.99,53.24,33.24,92.13,111.65,27.31,31.605,20.33,36.58,73.94
2008-01-07,46.43,52.02,32.28,89.17,108.1,26.66,30.685,19.04,35.6,73.42
2008-01-14,45.02,47.95,30.54,82.78,97.59,22.26,31.785,17.36,33.45,72.68
2008-01-21,45.0,42.77,29.85,83.27,101.83,22.69,31.805,16.65,34.0,69.7
2008-01-28,40.19,43.34,28.12,84.17,101.22,18.63,29.395,18.03,31.99,65.13
2008-02-04,42.94,47.8,28.8,92.83,106.1,20.5,29.275,19.07,32.6,64.68
2008-02-11,42.03,45.7,30.07,89.0,105.02,20.1215,28.7,20.6,29.07,65.04
2008-02-18,43.58,45.08,32.03,88.1,106.53,20.9,29.96,21.21,28.34,67.16
2008-02-25,45.36,44.55,32.19,89.25,105.0,20.16,29.05,20.45,28.17,66.31
2008-03-03,45.92,45.81,32.89,90.97,114.38,20.69,29.76,20.96,28.38,67.68
2008-03-10,46.0,42.65,31.87,90.31,115.71,20.0,29.685,19.74,27.59,66.05
2008-03-17,44.52,43.83,31.19,88.16,116.49,21.2,29.735,20.18,29.28,66.66
2008-03-24,43.52,43.71,31.72,86.92,118.41,21.752,29.705,20.09,29.482,68.54
2008-03-31,42.7,47.51,32.08,91.45,117.97,22.27,30.705,21.58,29.14,69.54
2008-04-07,41.92,47.09,31.91,97.71,116.49,21.97,30.72,21.2,29.4999,71.14
2008-04-14,43.23,46.47,31.07,96.05,116.27,21.08,30.255,21.29,28.75,70.65
2008-04-21,44.16,43.15,29.93,93.67,117.17,20.91,30.47,20.92,28.25,70.23
2008-04-28,47.28,43.97,31.29,93.57,123.67,21.99,29.945,19.03,30.25,67.47
2008-05-05,45.58,48.01,32.76,97.36,122.85,22.62,29.36,19.09,28.64,65.9
2008-05-12,44.72,50.96,33.73,97.67,122.82,23.58,29.135,18.99,29.7,66.65
2008-05-19,43.19,49.01,34.33,89.61,126.58,23.76,28.25,19.85,29.78,65.73
2008-05-26,43.96,47.31,34.09,89.82,125.18,24.09,28.545,20.09,28.76,65.86
2008-06-02,41.95,45.9,33.64,89.67,127.32,23.6,29.295,20.1,28.44,65.07
2008-06-09,38.42,44.31,33.18,89.94,127.84,22.94,28.2,19.72,27.31,65.41
2008-06-16,37.12,44.35,33.83,90.28,125.94,22.68,29.005,20.29,27.89,66.66
2008-06-23,33.12,42.76,33.11,84.33,125.1,22.58,26.98,19.86,28.8,65.8
2008-06-30,33.16,42.1,32.22,79.98,123.46,22.41,26.685,18.4,27.73,62.86
2008-07-07,33.3,40.02,31.05,76.37,119.27,21.57,25.5,16.98,26.87,61.98
2008-07-14,32.03,41.55,29.95,77.49,123.88,20.92,25.735,17.84,25.85,63.66
2008-07-21,28.37,37.02,29.43,73.01,123.2,20.71,25.895,17.28,26.15,64.35
2008-07-28,29.97,37.99,30.41,80.48,130.0,22.09,25.675,21.04,25.8,64.1
2008-08-04,28.88,37.52,30.92,82.12,127.66,22.23,25.785,20.71,26.11,65.54
2008-08-11,25.87,38.72,31.31,83.99,128.87,23.02,27.455,20.99,26.21,67.97
2008-08-18,26.91,38.05,32.16,87.63,125.22,24.52,27.395,21.47,28.12,70.34
2008-08-25,25.34,36.73,31.75,82.91,122.56,23.59,27.165,20.55,27.32,70.72
2008-09-01,25.24,38.05,31.71,80.88,122.5,23.15,26.76,20.24,27.27,69.84
2008-09-08,24.91,40.63,32.44,84.67,118.41,22.58,25.98,19.49,27.1,70.47
2008-09-15,22.13,38.24,32.43,84.75,115.04,20.33,26.94,19.2,26.1,71.89
2008-09-22,23.0,36.07,32.51,92.0,116.05,19.48,27.425,19.22,25.99,72.0
2008-09-29,23.9,38.28,32.53,84.79,115.36,18.63,25.34,18.34,25.44,67.28
2008-10-06,21.91,35.43,30.69,79.04,116.96,18.73,26.44,18.04,26.69,69.69
2008-10-13,17.04,28.25,26.57,74.66,95.65,16.02,24.65,16.52,23.23,66.25
2008-10-20,18.1,28.19,25.68,70.75,93.6,15.93,21.865,14.78,24.1,64.1
2008-10-27,19.47,26.39,25.31,62.44,88.86,15.25,23.015,13.95,23.36,62.96
2008-11-03,20.98,25.47,23.91,58.16,87.28,15.86,22.625,14.01,23.1,63.23
2008-11-10,24.33,29.82,26.02,68.82,93.4,16.26,23.015,15.35,23.53,66.07
2008-11-17,24.16,22.4,21.78,66.5,82.74,13.93,22.22,14.62,21.2,63.82
2008-11-24,25.79,19.38,20.67,64.79,80.08,13.11,21.745,12.77,19.62,64.25
2008-12-01,27.04,21.37,22.03,67.12,80.65,13.13,22.535,13.04,19.99,63.18
2008-12-08,26.12,20.76,21.46,67.08,79.84,13.28,21.965,13.42,19.15,61.44
2008-12-15,27.14,23.29,23.53,63.65,82.69,14.3,22.415,14.95,20.6,59.79
2008-12-22,28.65,20.06,23.78,63.39,86.4,15.64,23.23,15.05,20.11,61.62
2008-12-29,27.07,17.96,21.85,60.86,80.6,14.07,21.985,15.15,19.28,59.83
2009-01-05,28.72,18.0,22.48,62.22,83.55,14.69,22.465,15.98,19.34,61.12
2009-01-12,28.29,21.07,24.31,64.08,89.23,15.37,22.355,16.3,20.76,62.17
2009-01-19,27.88,18.99,21.2,60.47,85.34,13.67,22.01,15.31,19.82,59.47
2009-01-26,25.12,15.6,20.24,54.98,81.98,12.86,21.44,15.03,18.48,57.43
2009-02-02,27.79,16.68,21.25,55.57,91.66,13.81,21.665,15.04,17.66,56.7
2009-02-09,27.65,16.09,20.62,52.83,93.48,13.73,21.66,12.46,18.5,53.91
2009-02-16,28.52,15.97,18.76,52.03,93.27,14.08,20.335,12.54,18.8,51.45
2009-02-23,27.06,13.96,17.84,49.2,90.67,13.21,21.3,12.11,18.09,50.11
2009-03-02,27.98,13.62,17.92,46.87,86.4,12.73,21.53,12.15,17.17,49.77
2009-03-09,25.48,11.82,16.36,40.08,87.77,12.28,19.415,10.72,15.88,46.63
2009-03-16,27.5,12.17,16.61,37.09,87.25,13.92,19.58,11.18,16.48,45.17
2009-03-23,28.57,12.92,17.82,41.98,92.91,14.9,20.725,11.49,16.9,47.98
2009-03-30,29.0,13.9,18.29,43.57,98.3,15.0,22.01,11.82,17.93,47.07
2009-04-06,27.78,13.63,18.16,44.49,96.89,15.03,21.975,11.53,18.37,47.09
2009-04-13,25.66,15.01,19.12,46.49,98.75,15.45,22.31,12.54,18.76,48.68
2009-04-20,25.53,18.43,19.02,50.67,99.27,16.01,22.105,12.53,19.35,47.25
2009-04-27,24.65,19.57,19.47,52.53,102.31,15.36,21.545,14.69,18.97,51.37
2009-05-04,24.2,24.15,19.51,53.31,101.94,15.05,21.14,14.85,19.93,49.69
2009-05-11,23.84,26.57,23.15,60.76,105.85,16.16,21.57,15.76,19.79,49.79
2009-05-18,25.89,25.45,24.32,55.12,103.94,15.21,22.2,14.84,19.89,50.94
2009-05-25,25.75,24.79,23.82,54.64,105.51,15.65,23.32,14.81,20.31,52.95
2009-06-01,27.02,24.57,24.54,55.35,105.02,15.48,23.605,14.85,20.34,53.78
2009-06-08,28.36,24.71,25.13,57.65,106.83,16.19,24.83,16.3,21.4,53.71
2009-06-15,28.25,26.93,25.33,57.06,108.14,16.42,24.545,16.26,22.08,52.41
2009-06-22,27.11,24.69,23.49,51.42,107.32,15.86,23.915,15.66,23.45,50.1
2009-06-29,26.01,23.39,22.88,50.75,104.44,15.81,23.9,15.72,23.34,50.55
2009-07-06,26.77,23.24,23.33,55.62,104.42,16.55,23.995,16.05,23.77,51.1
2009-07-13,27.23,22.63,22.53,54.32,100.19,16.25,24.32,15.35,22.53,51.91
2009-07-20,27.26,24.46,23.11,55.54,103.25,16.83,24.645,15.77,23.11,53.54
2009-07-27,29.26,29.38,25.2,60.47,117.04,18.9,25.175,18.0,24.83,55.49
2009-08-03,31.12,27.68,26.37,65.61,117.28,19.37,24.695,17.38,23.47,55.71
2009-08-10,28.81,28.71,25.64,68.44,119.6,19.32,24.75,17.6,23.77,55.46
2009-08-17,28.49,31.51,25.9,65.97,117.79,18.64,24.52,17.71,23.13,51.93
2009-08-24,27.45,31.69,25.2,65.77,117.63,18.772,24.305,17.49,23.58,52.45
2009-08-31,27.74,32.82,26.87,68.26,118.83,19.1,24.37,18.48,24.64,53.4
2009-09-07,28.03,31.98,25.68,69.04,116.69,19.72,24.265,17.61,24.0,53.02
2009-09-14,28.74,33.49,26.28,70.93,117.16,19.8,25.205,18.46,24.82,54.2
2009-09-21,29.16,34.65,28.29,79.53,119.35,19.55,26.225,18.59,25.2,55.03
2009-09-28,28.9,33.97,28.38,76.16,121.61,19.53,26.425,18.07,25.77,57.24
2009-10-05,28.2,33.99,27.94,75.04,118.81,19.48,26.655,17.96,25.75,57.91
2009-10-12,29.47,33.52,28.18,75.08,121.35,19.63,27.16,18.09,25.11,57.03
2009-10-19,29.95,34.84,28.41,78.19,127.02,20.49,27.4,18.87,25.81,57.26
2009-10-26,30.61,35.42,29.35,81.68,122.82,20.18,27.035,19.88,26.37,58.13
2009-11-02,30.1,35.95,28.17,74.78,120.65,19.74,26.73,19.18,28.59,57.18
2009-11-09,31.91,36.04,27.62,74.83,121.16,18.5,26.56,19.06,27.53,58.58
2009-11-16,32.61,39.68,29.12,82.13,126.91,19.5,27.905,20.47,29.01,61.86
2009-11-23,32.2,41.36,30.87,85.26,128.63,20.32,28.435,20.67,30.0,62.31
2009-11-30,31.26,41.44,30.23,81.79,127.93,19.39,29.095,20.43,29.91,62.8
2009-12-07,31.66,41.3,30.73,85.88,127.94,19.66,29.04,20.0,30.01,62.91
2009-12-14,30.81,39.13,30.68,89.88,126.8,19.99,28.84,19.91,29.57,61.87
2009-12-21,30.64,40.96,32.18,91.36,128.49,19.8,29.53,19.91,30.02,62.12
2009-12-28,30.8,41.42,32.31,83.5,129.93,20.04,28.635,19.99,30.82,61.3
2010-01-04,31.57,40.88,32.38,85.16,131.85,20.402,28.87,20.21,31.39,61.58
2010-01-11,31.64,40.83,31.99,84.54,130.85,20.87,28.175,19.58,30.96,61.14
2010-01-18,30.53,42.02,30.82,86.58,130.51,20.608,28.44,19.35,30.07,60.89
2010-01-25,30.54,42.96,31.01,85.9,134.14,21.05,28.21,20.78,31.1,61.72
2010-02-01,29.63,38.1,29.66,80.76,125.75,20.0,27.07,19.85,29.5,60.69
2010-02-08,31.63,39.02,29.98,82.33,125.53,19.91,27.525,20.81,28.46,62.9
2010-02-15,29.91,37.54,29.84,79.22,123.21,19.65,27.005,20.51,28.01,61.76
2010-02-22,29.48,39.62,30.47,79.97,125.23,20.72,27.41,21.25,28.35,62.83
2010-03-01,29.62,37.93,30.92,81.49,126.46,20.388,27.415,21.8,28.33,63.21
2010-03-08,29.85,38.39,31.88,85.41,127.42,20.6975,26.65,22.29,28.46,63.71
2010-03-15,30.51,39.7,33.31,86.85,125.55,20.94,27.09,22.6,28.8,63.3
2010-03-22,28.59,40.92,33.75,88.63,128.67,22.01,26.85,23.14,29.37,63.53
2010-03-29,29.32,41.24,34.01,91.63,129.37,22.6725,27.65,23.22,29.88,64.53
2010-04-05,28.93,41.29,35.1,92.82,128.77,22.34,27.435,23.12,29.77,63.66
2010-04-12,28.23,43.12,35.47,92.37,128.93,22.4,27.145,23.31,29.32,63.11
2010-04-19,28.18,44.99,35.84,90.72,129.03,22.7699,27.51,23.46,30.45,63.0
2010-04-26,28.92,46.2,36.54,92.04,129.69,24.12,27.235,23.63,31.36,63.19
2010-05-03,27.88,45.79,36.32,89.72,128.82,23.35,26.435,23.28,30.845,63.11
2010-05-10,26.22,45.86,36.59,89.37,128.12,22.56,26.59,22.99,30.13,61.71
2010-05-17,27.02,43.33,35.76,88.11,126.89,22.28,26.805,22.82,28.88,62.37
2010-05-24,26.71,39.84,33.73,84.06,129.95,21.43,26.55,22.33,28.5975,63.21
2010-05-31,24.7,39.0,32.32,80.71,124.52,20.85,25.31,21.37,26.07,61.05
2010-06-07,25.0,39.19,33.33,81.29,124.34,21.18,25.645,21.26,25.89,61.16
2010-06-14,24.89,38.43,33.15,78.68,123.72,20.18,25.78,20.7,25.11,62.14
2010-06-21,26.71,41.59,34.99,83.01,129.79,21.48,26.09,22.26,26.5825,61.91
2010-06-28,26.65,41.94,34.35,76.2,129.3,20.98,26.23,22.03,25.77,60.72
2010-07-05,26.01,40.09,32.3,71.51,125.09,19.79,25.165,21.42,23.31,60.32
2010-07-12,25.78,39.21,31.72,70.7,123.46,19.481,25.215,21.06,23.82,59.34
2010-07-19,26.98,44.17,34.45,77.29,130.48,21.01,26.36,23.02,25.13,62.39
2010-07-26,27.38,42.06,33.4,75.91,126.55,21.65,26.62,21.15,25.48,62.07
2010-08-02,27.84,44.55,34.28,82.37,128.63,21.58,27.525,21.54,26.16,63.08
2010-08-09,28.49,44.6,34.21,83.63,130.37,20.87,28.19,21.17,26.16,59.94
2010-08-16,30.64,44.09,35.29,87.1,131.84,19.82,28.49,22.34,25.07,60.78
2010-08-23,30.78,41.74,33.76,83.76,128.45,19.53,28.06,22.19,24.71,60.29
2010-08-30,29.88,39.57,32.14,79.09,124.9,18.405,27.83,21.22,24.04,59.66
2010-09-06,30.81,39.87,32.54,78.05,123.13,17.665,27.9412,20.99,23.465,59.67
2010-09-13,31.39,40.09,33.84,81.98,125.95,18.12,28.815,21.62,23.96,60.14
2010-09-20,32.16,40.38,34.05,85.09,128.85,18.74,28.795,21.85,25.03,60.64
2010-09-27,32.85,42.78,34.5,83.63,131.98,19.14,29.055,22.95,25.15,61.52
2010-10-04,32.89,43.69,33.22,84.71,134.89,19.505,29.55,23.66,24.6775,60.62
2010-10-11,32.38,38.28,33.83,87.83,137.66,19.15,29.83,24.07,24.35,60.82
2010-10-18,32.71,38.54,34.48,87.98,139.85,19.77,29.8,23.93,24.83,62.02
2010-10-25,32.96,39.3075,34.24,87.14,138.03,19.21,30.17,22.68,25.1,63.18
2010-11-01,33.37,40.1,35.96,89.64,140.67,20.04,30.62,23.365,25.9,62.86
2010-11-08,31.19,42.39,36.11,87.03,143.84,20.34,30.93,24.06,27.39,64.02
2010-11-15,30.85,43.36,36.86,88.12,146.14,21.16,31.32,23.64,26.95,64.81
2010-11-22,29.58,41.93,36.92,85.87,142.24,21.07,31.04,24.33,25.81,63.45
2010-11-29,29.09,41.95,36.12,86.14,143.18,21.0875,31.81,25.26,25.12,62.61
2010-12-06,28.99,43.22,36.51,91.12,141.46,21.1575,31.585,25.84,25.2575,61.07
2010-12-13,30.17,44.78,37.33,92.66,144.02,21.58,32.07,25.65,26.87,62.15
2010-12-20,30.56,46.2,37.24,93.33,145.82,21.47,31.95,25.46,27.62,63.55
2010-12-27,30.15,43.23,37.33,93.69,145.74,21.1,32.745,25.87,28.07,64.87
2011-01-03,29.78,42.79,37.36,93.02,145.71,20.88,32.68,25.7,28.01,64.76
2011-01-10,30.38,43.95,38.99,93.12,147.64,21.15,31.935,25.28,28.0875,64.95
2011-01-17,32.21,45.04,39.4,93.31,147.28,21.05,31.345,24.04,28.11,64.04
2011-01-24,33.72,46.37,39.39,95.8,150.65,21.0825,31.74,23.85,28.66,65.5
2011-01-31,33.34,44.8,39.86,93.99,161.44,21.55,31.48,23.74,28.45,66.7
2011-02-07,34.7,43.6,39.88,92.69,163.56,21.48,31.525,24.15,27.9925,62.92
2011-02-14,36.09,45.88,41.18,92.05,166.05,21.635,31.435,25.57,28.2825,64.64
2011-02-21,36.46,46.19,43.09,95.98,162.84,21.45,31.595,25.31,26.96,63.92
2011-02-28,36.98,44.29,42.65,93.29,161.95,21.81,31.88,25.055,26.59,64.07
2011-03-07,36.62,43.15,42.99,87.88,159.97,21.39,32.455,24.85,26.16,62.74
2011-03-14,36.99,45.24,43.2,89.95,162.28,21.13,32.82,25.58,25.91,62.05
2011-03-21,35.5,43.64,41.62,87.79,159.02,20.18,31.515,24.81,25.39,60.66
2011-03-28,36.04,44.75,41.44,88.29,158.0,20.145,31.755,24.58,25.295,60.93
2011-04-04,35.72,45.65,42.94,93.04,162.88,20.28,32.86,25.0,25.49,61.28
2011-04-11,37.02,45.42,42.43,94.19,163.99,19.71,33.735,25.45,25.78,61.67
2011-04-18,35.54,46.02,41.63,94.08,163.25,19.76,33.45,25.32,25.64,62.89
2011-04-25,34.96,46.64,41.35,91.85,165.4,19.86,33.545,26.54,25.15,63.86
2011-05-02,36.35,47.1,42.33,94.49,168.49,22.48,33.465,26.74,26.19,63.83
2011-05-09,34.51,49.9,43.07,94.22,172.87,23.23,33.94,26.36,25.81,65.71
2011-05-16,33.41,50.17,43.91,95.74,170.38,23.03,33.67,26.87,25.67,65.73
2011-05-23,31.81,50.76,41.01,92.59,170.5,23.55,33.995,26.72,24.52,67.42
2011-05-30,30.96,50.56,41.09,91.48,167.99,22.61,33.735,26.34,24.15,67.01
2011-06-06,32.41,51.6,41.63,93.64,168.93,22.51,33.405,26.395,25.01,67.0
2011-06-13,30.13,48.89,39.35,86.76,163.69,22.06,32.6,25.67,24.06,65.06
2011-06-20,30.29,48.15,38.59,87.43,164.12,21.82,32.805,25.77,24.22,64.76
2011-06-27,30.57,49.55,38.78,89.13,166.22,21.65,33.13,27.17,24.76,64.22
2011-07-04,29.6,49.82,37.92,94.02,170.01,21.49,33.015,27.34,25.8,62.72
2011-07-11,31.01,52.33,39.97,95.5,175.43,22.44,34.15,27.91,26.03,64.26
2011-07-18,30.79,52.4,39.15,94.08,174.05,22.45,33.925,27.28,26.54,64.53
2011-07-25,30.56,51.81,39.54,91.77,185.21,23.06,34.66,27.02,27.54,64.61
2011-08-01,31.6,51.57,40.51,91.0,182.93,22.895,34.595,27.07,28.08,63.09
2011-08-08,28.6,48.52,36.97,84.44,178.05,21.72,33.535,25.48,26.8,60.87
2011-08-15,27.71,46.1,34.7,79.75,170.61,20.6,33.34,24.21,25.58,60.22
2011-08-22,28.04,44.89,33.42,80.1,171.24,20.79,34.085,24.92,25.35,61.62
2011-08-29,28.25,46.42,32.11,74.79,164.32,19.71,34.53,25.0,24.72,63.02
2011-09-05,28.73,48.66,33.58,78.83,172.51,20.24,34.93,27.26,26.23,63.5
2011-09-12,27.1,48.06,31.76,73.6,165.11,19.54,34.715,26.31,25.51,62.38
2011-09-19,27.1,47.9,31.45,74.97,163.43,20.76,34.55,26.375,26.04,61.94
2011-09-26,28.03,49.27,32.31,75.22,174.72,22.2,35.325,26.895,26.98,64.08
2011-10-03,25.77,47.08,31.16,70.53,177.71,22.54,34.785,26.75,25.67,63.26
2011-10-10,24.61,43.43,29.86,67.86,174.74,21.22,32.615,25.59,25.34,63.37
2011-10-17,26.36,45.76,32.61,73.43,185.0,22.99,33.4,27.72,27.0,64.57
2011-10-24,27.91,46.68,33.94,75.62,178.9,23.4,33.37,27.29,27.31,64.92
2011-10-31,28.15,49.42,34.51,80.72,180.36,24.63,33.475,27.95,26.81,64.51
2011-11-07,27.74,48.99,33.6,79.57,181.35,23.9,33.52,28.14,25.99,62.71
2011-11-14,29.85,51.34,35.29,83.01,187.25,24.75,34.325,29.17,27.16,64.21
2011-11-21,29.64,49.95,36.45,82.64,188.75,25.34,34.0,28.82,26.74,63.56
2011-11-28,28.41,46.0,34.02,78.21,181.31,23.24,32.985,28.02,24.79,61.69
2011-12-05,29.06,45.55,34.0,78.58,180.94,23.58,33.095,28.16,24.84,62.53
2011-12-12,29.6,48.56,36.83,82.67,192.94,25.35,33.34,29.12,25.66,64.84
2011-12-19,27.84,47.39,36.33,78.96,191.15,23.56,33.24,28.01,25.76,64.73
2011-12-26,28.35,47.92,36.17,83.81,187.24,23.84,34.2,27.83,26.025,65.79
2012-01-02,29.04,47.66,37.61,84.7,184.95,24.56,34.94,27.82,26.04,66.79
2012-01-09,28.89,48.39,38.31,85.17,186.3,24.54,35.07,27.755,26.765,66.83
2012-01-16,28.78,48.67,39.63,88.51,181.31,25.59,34.67,28.84,27.84,66.33
2012-01-23,28.78,50.22,38.48,89.98,180.0,25.04,33.675,28.21,28.255,66.26
2012-01-30,29.82,49.23,39.25,90.79,191.93,26.895,33.95,29.09,29.34,64.5
2012-02-06,28.63,50.14,38.9,91.49,192.6,26.42,33.765,31.0,29.53,63.04
2012-02-13,29.8,52.13,40.98,94.72,193.35,26.64,34.275,32.0,30.35,63.7
2012-02-20,31.15,51.96,41.6,95.55,192.22,26.78,34.45,32.495,30.25,64.48
2012-02-27,31.37,52.85,41.57,91.01,193.39,27.16,34.41,32.02,31.44,64.42
2012-03-05,31.58,53.76,41.93,90.98,197.98,27.24,34.425,32.59,31.87,67.39
2012-03-12,30.39,51.74,42.0,88.75,197.26,26.605,34.38,32.23,31.555,66.84
2012-03-19,32.16,54.25,44.01,92.88,203.78,27.49,35.125,33.53,32.67,67.9
2012-03-26,31.87,56.91,43.24,94.64,204.25,27.75,35.295,33.5,31.99,67.21
2012-04-02,31.87,58.22,44.15,91.9,207.18,28.19,35.935,34.38,32.52,67.15
2012-04-09,31.98,58.39,43.29,91.49,209.5,28.11,36.88,34.24,31.94,67.09
2012-04-16,30.82,56.18,40.99,86.63,202.33,27.45,36.01,33.0,30.47,66.35
2012-04-23,31.2,58.18,42.68,90.46,207.45,28.47,36.975,31.795,31.44,67.02
2012-04-30,30.94,57.63,42.18,88.94,200.0,27.31,37.06,32.33,31.92,67.0
2012-05-07,33.02,60.97,43.79,89.04,208.0,28.95,38.465,33.8,32.01,63.57
2012-05-14,32.98,59.89,44.3,88.96,201.48,27.37,38.57,32.52,30.5,64.16
2012-05-21,32.47,57.94,45.01,87.81,199.04,26.88,38.285,31.98,30.21,63.72
2012-05-28,32.16,56.35,44.39,86.85,196.82,26.03,37.095,31.36,29.76,63.15
2012-06-04,32.5,56.56,45.48,90.98,196.46,26.09,37.73,31.51,29.56,62.95
2012-06-11,31.31,53.98,44.84,84.34,189.2,25.43,36.62,30.78,28.505,61.165
2012-06-18,31.93,56.48,46.38,87.69,194.55,26.52,37.6,32.11,29.29,62.76
2012-06-25,30.15,56.94,47.51,91.01,198.93,27.51,37.87,32.43,30.7,62.21
2012-07-02,28.63,56.11,47.3,87.55,191.95,26.005,37.54,31.94,30.02,59.27
2012-07-09,28.99,59.41,48.59,92.6,195.93,26.86,39.58,32.74,30.76,61.36
2012-07-16,27.57,58.39,47.36,90.48,186.26,25.56,38.99,31.58,29.74,61.73
2012-07-23,27.25,58.68,49.35,91.25,183.65,25.38,38.845,34.05,29.66,65.35
2012-07-30,26.69,55.63,48.16,87.67,190.34,25.005,38.33,34.47,29.15,64.02
2012-08-06,26.09,57.71,49.14,90.3,195.98,25.7,40.4,35.17,29.47,64.54
2012-08-13,25.71,57.64,49.81,89.82,199.93,26.5,39.885,35.38,30.26,66.22
2012-08-20,25.82,56.08,49.69,87.58,198.29,26.48,39.38,35.66,30.13,66.73
2012-08-27,26.32,56.6,49.64,90.31,198.65,26.11,39.26,35.54,30.8,66.77
2012-09-03,26.37,57.56,49.63,87.46,194.87,25.0,38.0,35.01,30.63,66.99
2012-09-10,26.88,58.61,49.66,87.54,194.54,24.415,37.28,34.97,30.385,67.4
2012-09-17,27.33,57.23,51.56,88.7,203.27,23.34,37.77,35.54,30.79,68.26
2012-09-24,27.23,58.67,51.9,86.55,207.07,23.37,38.62,35.99,31.175,69.22
2012-10-01,27.66,57.13,52.54,84.54,204.98,22.535,37.68,35.57,30.39,69.59
2012-10-08,27.88,57.18,51.64,84.5,209.84,22.84,38.34,35.425,29.66,68.79
2012-10-15,28.3,58.24,51.51,85.58,207.99,21.9,38.56,35.36,29.28,68.7
2012-10-22,28.73,58.63,51.24,91.92,211.0,22.35,37.9,37.2041,29.49,69.0
2012-10-29,27.29,55.38,50.76,91.79,191.25,21.59,36.61,36.74,28.047,67.44
2012-11-05,27.05,55.75,50.08,90.69,193.27,21.95,37.04,36.85,28.21,69.44
2012-11-12,26.63,57.19,50.47,93.39,195.07,21.73,37.42,36.81,29.86,68.93
2012-11-19,24.89,54.74,47.96,90.46,188.32,20.28,36.16,35.5,27.0895,66.85
2012-11-26,26.34,55.86,48.44,87.35,189.2,19.5132,37.25,36.19,26.71,68.3
2012-12-03,26.43,54.44,48.6,88.7,191.23,19.93,37.42,36.44,27.08,68.99
2012-12-10,26.71,55.84,49.3,88.39,189.36,19.9694,37.15,36.785,26.37,69.31
2012-12-17,27.17,57.06,49.48,90.25,194.2,20.65,37.86,37.33,27.32,70.66
2012-12-24,28.08,57.82,50.22,92.36,195.69,20.96,37.28,37.53,27.56,69.97
2012-12-31,27.74,57.53,49.88,92.14,192.4,20.64,36.73,36.6,27.06,68.52
2013-01-07,27.39,57.48,49.79,91.72,191.55,20.62,36.25,36.62,26.7097,67.89
2013-01-14,28.34,60.2,50.76,95.11,192.87,21.09,37.04,35.7,26.55,68.51
2013-01-21,28.42,60.76,51.09,98.67,192.5,21.88,37.32,37.03,27.21,69.88
2013-01-28,29.11,59.4,52.73,100.6,196.08,21.17,37.13,38.16,27.15,69.95
2013-02-04,28.62,59.45,53.99,102.5,203.9,21.28,37.42,37.26,28.01,75.0
2013-02-11,29.38,60.66,54.29,105.07,202.79,21.1784,38.14,39.37,27.495,75.7
2013-02-18,30.81,62.2,54.95,106.12,200.04,21.19,37.56,40.67,27.88,75.98
2013-02-25,33.08,62.28,55.73,107.33,200.32,21.085,37.67,41.2,28.045,77.38
2013-03-04,31.83,61.92,53.9,103.16,199.14,20.58,38.11,40.2,27.37,76.08
2013-03-11,32.21,64.12,56.48,107.91,206.53,21.51,38.68,41.17,28.35,77.05
2013-03-18,32.56,65.29,57.11,106.43,210.55,21.64,38.96,41.61,27.91,77.17
2013-03-25,32.7,65.13,56.31,106.46,213.44,21.14,39.33,41.81,28.18,77.11
2013-04-01,32.83,67.17,56.63,97.72,212.36,21.765,40.69,43.56,28.155,77.4
2013-04-08,34.11,67.64,57.46,97.12,214.36,21.455,40.72,44.02,28.8,78.96
2013-04-15,32.73,65.22,59.14,95.34,209.22,21.75,40.71,43.26,29.61,78.26
2013-04-22,32.18,64.59,60.75,95.14,212.0,21.915,42.37,42.98,28.97,80.1
2013-04-29,32.55,67.45,62.59,93.17,191.61,23.375,42.7,44.21,30.6,82.54
2013-05-06,33.94,68.41,62.84,94.01,202.54,23.95,42.33,45.66,33.1,76.77
2013-05-13,34.34,70.24,66.07,99.52,203.63,24.15,42.7,45.89,33.31,77.94
2013-05-20,34.06,71.51,67.47,100.68,203.21,23.84,42.52,46.58,33.53,79.47
2013-05-27,34.71,75.11,65.83,102.17,208.65,24.15,42.34,46.65,34.85,78.8
2013-06-03,34.14,76.16,66.69,96.53,207.78,24.08,42.55,45.73,35.02,80.86
2013-06-10,33.0,76.06,64.35,98.38,206.19,25.36,41.42,44.81,34.99,77.37
2013-06-17,33.12,76.52,63.8,98.04,203.98,24.71,40.79,44.73,34.84,78.12
2013-06-24,33.83,74.98,65.29,99.48,204.87,25.465,40.93,45.05,34.98,79.04
2013-07-01,33.17,73.23,62.57,97.19,194.98,23.88,39.72,44.36,33.67,76.69
2013-07-08,34.87,74.62,63.26,98.27,191.5,23.72,40.37,45.04,33.94,78.44
2013-07-15,35.72,77.61,64.94,103.15,191.3,23.135,40.83,46.38,34.35,79.57
2013-07-22,35.71,78.27,65.03,103.51,193.85,24.25,40.23,46.33,36.27,80.97
2013-07-29,36.56,74.41,64.45,106.79,194.98,22.75,40.96,42.41,31.82,80.95
2013-08-05,36.02,75.19,64.18,103.56,196.01,23.38,40.32,42.1,31.85,80.44
2013-08-12,37.89,75.81,67.05,108.77,190.99,22.8,40.37,42.63,31.58,81.74
2013-08-19,38.63,76.23,63.98,108.61,188.42,22.52,39.65,42.57,32.23,81.66
2013-08-26,36.59,74.27,61.88,109.21,184.56,22.523,38.65,42.02,31.62,79.53
2013-09-02,34.63,71.91,60.69,108.45,182.74,22.191,38.15,40.53,33.26,77.97
2013-09-09,35.4,72.43,60.93,107.6,183.96,22.067,37.9,40.82,31.88,77.75
2013-09-16,36.08,74.6,62.83,110.59,186.6,22.985,38.63,42.1,32.39,77.95
2013-09-23,37.16,76.92,66.98,110.68,192.16,23.74,38.79,42.12,32.93,79.83
2013-09-30,36.77,76.07,64.32,114.72,189.97,23.705,38.53,42.75,32.455,78.62
2013-10-07,36.85,75.93,64.83,115.26,186.38,22.83,37.95,42.31,33.58,76.16
2013-10-14,36.19,72.22,64.0,112.08,178.72,22.48,37.28,40.39,33.01,76.33
2013-10-21,36.82,75.25,66.44,120.08,184.66,23.39,37.66,41.55,34.49,77.6
2013-10-28,39.49,80.87,69.0,129.69,174.97,24.071,39.09,43.0,34.58,80.38
2013-11-04,40.73,83.66,68.92,133.14,182.12,24.523,39.8,44.91,35.52,82.46
2013-11-11,41.98,81.9,68.85,136.23,177.85,24.03,39.5,45.04,36.64,81.43
2013-11-18,40.42,81.03,67.77,134.63,183.07,24.43,39.88,44.51,37.36,82.8
2013-11-25,40.97,82.46,69.12,134.0,185.25,24.7,40.14,45.81,36.74,84.34
2013-12-02,41.6,85.09,71.18,137.81,177.31,23.65,40.25,45.93,37.35,84.64
2013-12-09,41.1,84.61,69.9,138.04,176.08,23.55,40.35,45.83,38.31,83.83
2013-12-16,42.36,85.29,71.57,138.49,177.12,24.82,39.85,46.26,38.11,83.65
2013-12-23,41.48,84.11,70.66,139.09,175.76,24.655,39.1,44.7,36.52,80.91
2013-12-30,43.27,88.69,73.85,142.0,183.22,25.43,40.19,45.79,37.08,81.31
2014-01-06,43.4,90.73,76.4,143.77,187.57,25.955,41.31,47.58,37.41,81.41
2014-01-13,42.85,89.36,76.34,140.64,189.71,25.585,40.39,46.04,36.41,81.42
2014-01-20,42.33,87.12,74.45,142.7,185.92,26.51,39.69,44.4,35.78,80.87
2014-01-27,41.37,90.59,74.2,142.15,188.43,25.59,39.92,43.4,36.17,80.18
2014-02-03,40.07,86.64,72.88,134.34,176.85,24.9,38.87,42.99,36.27,79.11
2014-02-10,38.23,84.0,71.05,130.42,172.84,23.82,37.48,36.75,36.35,76.09
2014-02-17,40.53,88.58,77.79,133.15,179.7,24.47,38.64,37.11,37.175,78.84
2014-02-24,40.53,89.02,79.58,132.79,183.19,24.76,37.47,35.47,37.42,77.97
2014-03-03,40.39,89.91,80.21,132.84,183.23,24.62,37.77,36.38,37.54,78.12
2014-03-10,40.7,92.61,81.71,137.09,186.44,24.61,38.31,37.47,38.41,78.45
2014-03-17,42.45,93.2,81.05,137.29,186.76,24.73,38.8,37.39,38.02,78.95
2014-03-24,42.93,91.59,81.99,138.57,186.81,24.82,38.4,38.19,39.55,79.77
2014-03-31,42.41,90.84,79.55,134.16,195.04,25.46,38.62,38.75,40.34,79.81
2014-04-07,43.43,91.17,81.57,134.11,194.5,25.99,38.41,40.21,41.42,80.34
2014-04-14,43.53,86.49,79.57,132.91,193.29,26.91,38.9,38.57,39.82,81.35
2014-04-21,44.27,86.04,77.66,132.17,197.02,26.77,40.18,38.46,39.75,80.84
2014-04-28,44.61,87.07,79.45,137.03,192.15,26.84,40.71,37.72,39.99,81.25
2014-05-05,43.23,87.79,78.64,135.47,195.11,26.48,40.57,38.6,40.51,82.44
2014-05-12,43.14,86.2,81.03,135.49,190.03,26.2,40.49,39.17,39.06,81.13
2014-05-19,44.31,89.09,82.08,140.14,192.19,26.45,41.11,39.74,40.42,81.61
2014-05-26,43.33,87.09,81.09,137.46,184.89,26.04,40.58,38.53,39.68,80.23
2014-06-02,44.32,91.39,83.74,142.24,184.78,26.71,40.77,38.69,40.19,80.08
2014-06-09,44.35,91.73,83.88,142.95,184.37,27.66,40.88,38.45,40.29,79.93
2014-06-16,45.14,95.28,84.75,143.79,184.29,28.24,41.07,38.92,41.11,80.15
2014-06-23,44.41,94.66,83.16,140.31,182.26,29.95,40.92,38.65,41.68,79.58
2014-06-30,44.28,94.43,82.68,149.68,180.88,30.5,41.85,39.18,41.745,79.01
2014-07-07,44.85,95.35,86.47,152.38,186.35,30.98,42.29,39.45,41.87,79.28
2014-07-14,45.94,94.57,85.86,151.17,187.22,30.79,41.94,39.2,41.78,80.56
2014-07-21,47.54,94.45,86.15,151.9,188.49,31.71,42.1,38.94,42.45,81.26
2014-07-28,48.2,93.37,86.21,153.29,194.09,34.7901,41.19,35.48,44.83,80.1
2014-08-04,47.57,91.71,86.2,147.14,194.57,34.19,40.35,35.25,43.885,78.65
2014-08-11,48.56,86.36,86.75,146.84,187.1,32.82,39.18,35.29,43.08,79.41
2014-08-18,49.64,87.08,87.21,148.43,187.34,33.13,39.68,35.24,43.52,81.42
2014-08-25,49.69,88.12,90.09,150.0,190.07,34.34,41.26,35.24,45.33,82.69
2014-09-01,49.2,89.15,90.02,149.28,192.99,34.8,41.6,34.66,45.005,83.38
2014-09-08,50.06,89.72,90.8,150.4,191.56,34.57,41.64,34.58,45.09,82.98
2014-09-15,50.46,87.9,89.6,151.0,189.99,34.91,41.94,34.32,46.76,82.99
2014-09-22,51.26,88.36,90.27,154.66,192.96,34.93,41.64,34.08,46.76,84.08
2014-09-29,50.77,88.31,88.31,158.0,191.62,34.42,41.89,32.07,46.56,84.44
2014-10-06,51.1,87.54,89.03,161.45,189.83,34.82,42.66,30.65,46.36,83.74
2014-10-13,49.57,85.35,87.11,156.06,185.71,33.47,43.92,31.45,45.53,83.16
2014-10-20,43.08,82.74,84.14,153.72,183.8,32.14,43.64,30.66,43.73,83.55
2014-10-27,45.7,85.64,87.54,159.88,163.23,32.61,40.68,29.53,44.88,84.61
2014-11-03,45.69,88.01,89.93,168.2,163.6,33.74,40.56,30.95,46.49,86.47
2014-11-10,49.54,91.38,90.35,166.96,162.65,34.54,41.82,31.15,47.57,88.64
2014-11-17,51.12,91.74,89.98,172.34,163.3,33.31,42.51,30.755,48.87,89.67
2014-11-24,52.01,90.58,90.28,172.0,161.89,34.71,43.53,30.895,48.74,87.95
2014-12-01,52.93,91.4,91.65,174.86,161.76,36.32,44.43,31.19,47.47,88.8
2014-12-08,53.31,93.0,93.47,180.39,162.67,37.6,44.54,30.58,48.46,91.07
2014-12-15,53.04,93.36,92.94,178.77,162.99,36.89,42.04,30.775,47.59,90.71
2014-12-22,49.32,88.24,90.17,174.26,151.41,35.56,40.39,30.52,45.16,89.36
2014-12-29,53.17,93.82,94.69,176.94,162.24,37.43,42.97,30.38,48.45,93.29
2015-01-05,52.89,94.27,94.7,175.0,160.05,36.76,42.76,30.73,47.02,92.4
2015-01-12,49.23,88.63,91.89,169.79,156.07,35.28,42.46,29.81,45.65,89.6
2015-01-19,48.28,89.23,95.19,171.5,156.81,36.5,42.63,28.27,46.355,90.3
2015-01-26,47.2,87.26,94.74,179.13,156.95,36.09,43.16,27.755,46.39,91.19
2015-02-02,48.28,82.4,93.97,173.88,153.67,34.185,42.39,26.51,42.66,86.49
2015-02-09,48.76,83.73,94.1,172.97,158.47,33.7,41.63,28.065,41.6,85.95
2015-02-16,47.58,85.84,101.92,173.3,158.56,33.7,42.4,27.44,42.6,85.39
2015-02-23,47.77,79.08,104.12,179.54,160.96,34.735,41.81,27.02,43.58,85.49
2015-03-02,48.65,80.86,104.67,177.8,164.83,34.41,42.13,25.315,44.09,85.5
2015-03-09,47.52,81.91,106.35,176.15,161.03,34.095,42.95,26.9,43.28,85.16
2015-03-16,45.52,79.11,103.09,170.0,157.81,31.7,40.69,25.02,42.03,81.54
2015-03-23,46.25,81.06,106.96,175.71,156.96,30.59,40.51,24.44,41.695,82.85
2015-03-30,46.96,81.37,107.11,169.16,163.0,30.79,40.47,23.48,42.9,83.92
2015-04-06,47.4,78.12,104.89,165.45,160.5,31.27,40.55,22.85,40.655,81.94
2015-04-13,48.16,78.33,105.43,171.16,162.07,31.26,41.01,23.9,41.53,82.39
2015-04-20,48.01,79.49,106.66,171.5,162.3,31.49,40.51,24.56,41.65,83.6
2015-04-27,47.94,77.28,107.68,169.91,164.26,32.43,40.78,27.22,42.635,83.08
2015-05-04,48.78,77.49,109.92,171.24,173.92,33.02,40.77,28.615,49.155,80.42
2015-05-11,50.35,77.84,110.81,169.81,173.08,32.64,40.75,27.62,47.6,80.07
2015-05-18,51.92,79.08,109.24,173.42,170.55,32.25,40.69,26.88,47.35,79.95
2015-05-25,52.52,81.36,110.56,177.98,173.48,33.15,41.31,26.01,47.58,80.83
2015-06-01,52.15,80.19,109.44,174.11,170.13,33.105,40.99,26.07,46.59,79.14
2015-06-08,52.76,79.99,110.75,175.72,169.65,33.27,40.99,25.58,46.92,78.54
2015-06-15,51.01,79.17,108.52,180.37,165.68,31.25,40.2,26.01,45.65,78.9
2015-06-22,51.45,79.36,111.06,182.13,166.84,31.635,40.08,26.38,45.83,79.1
2015-06-29,52.0,81.36,114.41,175.27,168.62,32.085,40.38,26.8,45.91,79.79
2015-07-06,48.22,77.72,114.14,170.4,162.66,30.415,39.23,25.69,44.15,78.24
2015-07-13,48.14,77.55,117.1,170.34,165.0,29.9,40.25,26.04,44.3,81.72
2015-07-20,47.79,78.97,117.85,171.24,168.61,29.65,41.17,25.815,45.62,82.04
2015-07-27,47.49,78.95,119.31,170.56,163.07,28.72,41.19,23.725,47.28,81.63
2015-08-03,48.35,75.11,118.46,169.43,160.05,28.96,40.55,23.06,45.34,80.23
2015-08-10,48.41,75.72,121.69,170.09,157.6,29.13,41.85,22.62,47.54,75.91
2015-08-17,46.07,81.34,108.0,168.43,155.51,28.97,41.48,23.3,46.41,76.22
2015-08-24,47.68,81.24,106.94,165.66,156.01,28.91,41.3,22.9,47.27,75.13
2015-08-31,43.01,73.52,95.89,145.06,140.96,25.87,37.99,21.44,40.47,68.42
2015-09-07,43.34,74.0,99.51,148.03,142.68,27.82,38.75,22.57,41.82,68.9
2015-09-14,43.7,75.49,104.01,153.29,147.23,29.5,38.9,23.0,43.89,69.98
2015-09-21,43.47,76.5,103.43,154.0,147.53,29.73,38.5,23.12,43.98,69.45
2015-09-28,42.45,75.71,102.49,143.97,144.43,28.67,38.79,22.87,43.9,70.19
2015-10-05,41.02,73.1,99.42,141.93,142.47,29.24,39.66,21.03,43.44,72.28
2015-10-12,43.64,76.91,103.77,151.51,148.78,31.74,40.96,21.7,46.75,73.4
2015-10-19,44.92,76.6,106.59,151.48,149.62,32.04,41.65,22.47,46.89,74.11
2015-10-26,45.7,76.95,109.84,154.0,140.64,33.44,42.29,23.78,47.77,74.43
2015-11-02,46.24,74.01,113.77,155.97,137.86,34.47,42.61,23.89,53.69,77.29
2015-11-09,43.15,74.03,115.54,159.12,141.88,34.31,42.16,25.32,54.15,77.05
2015-11-16,40.63,73.37,117.42,161.5,135.47,33.21,41.77,24.34,53.51,75.77
2015-11-23,37.2,71.11,116.13,161.41,133.82,32.64,41.67,24.71,52.97,75.07
2015-11-30,36.04,71.63,117.95,163.19,138.6,34.36,43.36,24.37,54.25,76.45
2015-12-07,36.7,72.2,115.39,160.45,141.28,35.09,42.89,24.83,55.22,75.94
2015-12-14,35.27,69.91,112.48,148.39,138.05,34.75,43.01,25.38,55.79,77.75
2015-12-21,34.86,70.15,112.16,144.69,137.79,35.18,43.07,27.09,55.2,79.68
2015-12-28,36.41,68.85,106.74,148.41,137.93,34.73,43.29,27.02,55.35,79.6
2016-01-04,37.09,70.55,107.08,149.24,139.78,35.44,43.71,27.68,56.55,80.36
2016-01-11,36.24,66.55,100.9,144.65,135.85,33.83,42.55,27.26,55.05,78.62
2016-01-18,34.27,64.4,101.46,134.71,132.9,32.68,42.12,27.11,52.78,76.51
2016-01-25,30.51,62.64,93.97,127.2,128.11,29.8,41.92,24.87,50.56,76.73
2016-02-01,33.63,55.09,96.27,127.28,122.59,29.94,42.08,27.11,52.17,78.81
2016-02-08,32.36,53.66,93.12,130.15,122.94,29.8,42.44,30.46,53.0,80.22
2016-02-15,33.58,52.63,92.32,129.77,124.07,28.81,43.3,31.17,49.28,82.64
2016-02-22,33.62,53.18,92.91,132.11,122.74,28.78,43.36,30.35,51.09,81.47
2016-02-29,33.79,55.11,95.38,133.81,132.4,28.8,43.69,31.97,51.18,81.81
2016-03-07,35.48,56.8,97.65,141.38,134.37,30.37,43.69,32.27,52.58,81.23
2016-03-14,36.03,59.43,97.82,142.53,139.07,30.56,44.32,33.08,51.65,83.06
2016-03-21,36.56,59.23,98.24,143.07,142.96,31.65,45.24,32.24,53.59,81.31
2016-03-28,37.61,60.61,97.58,163.42,148.1,32.32,45.5,32.22,54.07,82.74
2016-04-04,36.87,60.6,98.16,162.99,149.33,32.38,46.48,32.78,54.71,82.8
2016-04-11,35.11,60.19,97.0,161.94,150.0,31.9,46.53,33.08,54.56,83.16
2016-04-18,36.83,60.68,97.35,165.11,149.63,31.86,46.65,33.06,54.65,82.83
2016-04-25,38.23,63.57,102.64,168.27,144.0,31.6,46.6,33.91,56.39,83.28
2016-05-02,39.73,66.2,104.89,167.11,149.08,31.4,44.53,32.28,51.44,79.55
2016-05-09,39.1,64.85,103.78,164.79,144.13,30.36,44.84,30.82,49.78,81.1
2016-05-16,38.4,64.84,106.6,163.25,149.97,30.14,45.75,31.29,51.02,82.48
2016-05-23,37.49,62.76,99.94,158.69,148.0,29.98,44.75,30.59,50.51,80.62
2016-05-30,42.05,64.87,99.51,164.38,148.31,31.06,44.37,31.37,51.59,80.97
2016-06-06,42.77,65.76,99.22,164.97,153.74,31.59,44.6,31.88,53.0,81.04
2016-06-13,43.66,65.89,98.35,164.83,153.33,31.88,45.32,32.16,52.1,82.32
2016-06-20,41.78,61.07,98.4,159.75,151.06,32.14,45.04,31.1,49.83,83.35
2016-06-27,41.94,62.29,98.82,163.95,154.05,32.32,45.13,32.13,51.19,83.41
2016-07-04,40.56,57.9,96.05,148.1,145.7,31.19,44.18,29.85,49.44,82.46
2016-07-11,41.95,59.15,97.66,152.17,151.68,32.68,45.43,31.62,51.17,85.44
2016-07-18,43.29,63.0,100.2,159.95,157.04,34.94,45.58,33.52,53.21,85.75
2016-07-25,43.48,64.16,99.47,159.68,159.58,35.15,45.63,32.37,53.09,86.17
2016-08-01,43.87,64.37,96.69,161.5,162.12,35.09,44.88,32.87,56.76,85.27
2016-08-08,43.45,63.47,95.01,159.18,160.58,34.56,43.53,32.58,56.58,86.76
2016-08-15,44.38,65.39,96.67,164.33,161.77,34.92,43.47,33.49,58.2,85.99
2016-08-22,43.47,65.3,96.88,166.73,160.7,35.21,43.83,33.68,57.44,86.58
2016-08-29,44.12,65.68,95.97,168.59,160.26,35.4,43.85,33.78,57.89,87.4
2016-09-05,43.21,65.45,94.86,164.93,159.4,35.7,43.24,33.57,57.89,87.54
2016-09-12,43.94,65.76,93.8,164.83,160.35,36.57,43.79,32.9,57.61,88.64
2016-09-19,42.0,64.36,92.7,160.35,155.81,35.61,42.28,31.61,56.53,87.05
2016-09-26,42.15,63.72,92.95,162.65,154.45,37.14,42.34,31.53,56.81,88.58
2016-10-03,41.89,64.28,91.72,177.3,156.77,37.18,42.59,31.36,57.95,88.36
2016-10-10,42.79,63.91,92.59,173.6,156.46,37.54,41.84,30.21,57.24,88.35
2016-10-17,42.34,60.86,91.86,174.08,154.79,37.27,41.54,29.44,57.19,88.54
2016-10-24,41.98,60.08,91.17,170.74,150.72,37.75,41.97,30.71,57.66,87.45
2016-10-31,42.53,66.74,92.75,171.93,150.88,35.1,42.54,32.6,60.99,86.97
2016-11-07,46.75,66.25,92.39,171.53,152.79,34.52,42.12,31.03,59.8,86.85
2016-11-14,47.72,67.07,94.38,181.31,155.17,34.74,42.88,31.06,60.47,87.46
2016-11-21,43.49,72.47,97.7,185.39,158.67,34.91,41.44,32.37,58.87,83.62
2016-11-28,43.51,71.72,97.71,188.08,162.67,35.48,41.37,31.46,61.12,82.76
2016-12-05,42.77,71.49,99.67,190.32,163.53,35.31,41.15,31.56,61.09,82.89
2016-12-12,44.68,72.31,100.66,193.33,160.35,34.72,40.57,29.19,59.95,82.91
2016-12-19,46.4,73.84,103.85,201.02,168.29,36.8,41.76,29.65,62.98,85.18
2016-12-26,46.22,75.06,105.46,198.74,167.6,37.21,41.66,28.9,63.54,84.57
2017-01-02,45.65,74.98,105.17,190.55,167.14,37.07,41.61,27.83,63.28,84.6
