,AAL,ADM,AXP,AZN,BG,BP,DIS,FDX,GSK,HSBC,IBM,INTC,KO,MAT,MSFT,PG,PRU,RIO,TSCO,VOD
2010-01-01,20.6961,31.31,40.52,23.47,63.83,57.97,32.25,83.45,42.25,57.09,130.9,20.4,28.5,19.98,30.48,60.63,49.76,53.8475,13.2425,28.8376
2010-01-02,20.6961,31.31,40.52,23.47,63.83,57.97,32.25,83.45,42.25,57.09,130.9,20.4,28.5,19.98,30.48,60.63,49.76,53.8475,13.2425,28.8376
2010-01-03,20.6961,31.31,40.52,23.47,63.83,57.97,32.25,83.45,42.25,57.09,130.9,20.4,28.5,19.98,30.48,60.63,49.76,53.8475,13.2425,28.8376
2010-01-04,20.6693,31.47,40.92,23.705,64.65,59.15,32.07,83.45,42.97,58.32,132.45,20.88,28.52,19.99,30.95,61.12,51.77,56.0275,13.335,28.9625
2010-01-05,22.3829,31.64,40.83,23.225,66.88,59.57,31.99,84.54,41.83,59.25,130.85,20.87,28.175,19.58,30.96,61.14,52.79,56.9025,13.195,28.7502
2010-01-06,21.7135,31.56,41.49,23.04,69.05,59.88,31.82,83.84,41.34,59.32,130.0,20.8,28.165,19.5,30.77,60.85,53.41,58.6375,13.1675,28.5254
2010-01-07,22.0884,31.23,41.98,23.29,70.93,59.86,31.83,82.93,41.48,59.13,129.55,20.6,28.095,20.0,30.452,60.52,54.27,58.6475,13.3475,27.9883
2010-01-08,21.7135,30.84,41.95,23.39,71.29,60.0,31.88,84.99,41.1,59.0,130.85,20.83,27.575,19.77,30.66,60.44,53.56,59.3,13.34,27.5637
2010-01-09,21.7135,30.84,41.95,23.39,71.29,60.0,31.88,84.99,41.1,59.0,130.85,20.83,27.575,19.77,30.66,60.44,53.56,59.3,13.34,27.5637
2010-01-10,21.7135,30.84,41.95,23.39,71.29,60.0,31.88,84.99,41.1,59.0,130.85,20.83,27.575,19.77,30.66,60.44,53.56,59.3,13.34,27.5637
2010-01-11,21.5529,30.86,41.47,23.81,70.28,61.89,31.36,87.25,41.63,59.04,129.48,20.95,28.135,19.9,30.27,60.2,53.49,58.785,13.2325,27.9633
2010-01-12,20.9103,30.53,42.02,23.7,68.61,61.5,30.82,86.58,41.71,58.8,130.51,20.608,28.44,19.35,30.07,60.89,53.05,57.0375,13.2375,27.9259
2010-01-13,21.66,30.66,42.15,24.255,68.13,61.8,31.29,85.82,41.71,58.86,130.23,20.96,28.515,19.99,30.35,61.52,53.8,58.485,13.3225,28.2631
2010-01-14,22.1954,30.74,42.68,24.695,68.07,61.73,31.02,86.29,41.98,58.56,132.31,21.48,28.565,20.48,30.96,61.58,54.08,59.465,13.21,28.1007
2010-01-15,21.66,30.54,42.39,24.425,69.85,61.64,30.6,85.11,40.91,57.55,131.78,20.8,28.145,20.28,30.86,60.82,53.46,58.4075,13.1125,27.5887
2010-01-16,21.66,30.54,42.39,24.425,69.85,61.64,30.6,85.11,40.91,57.55,131.78,20.8,28.145,20.28,30.86,60.82,53.46,58.4075,13.1125,27.5887
2010-01-17,21.66,30.54,42.39,24.425,69.85,61.64,30.6,85.11,40.91,57.55,131.78,20.8,28.145,20.28,30.86,60.82,53.46,58.4075,13.1125,27.5887
2010-01-18,21.66,30.54,42.39,24.425,69.85,61.64,30.6,85.11,40.91,57.55,131.78,20.8,28.145,20.28,30.86,60.82,53.46,58.4075,13.1125,27.5887
2010-01-19,21.6332,30.54,42.96,25.2,69.0,62.32,31.01,85.9,42.12,57.62,134.14,21.05,28.21,20.78,31.1,61.72,54.18,59.95,13.2175,28.313
2010-01-20,22.7309,30.9,42.98,25.095,67.75,61.06,31.19,84.06,42.06,56.04,130.25,21.08,27.75,20.58,30.585,60.45,53.62,57.28,12.7825,27.9384
2010-01-21,22.1151,30.44,42.16,24.765,64.08,59.57,30.61,81.6,41.53,54.74,129.0,20.84,27.185,20.58,30.01,59.84,51.59,53.245,12.6875,27.5137
2010-01-22,21.2851,30.47,38.59,24.42,62.88,57.87,29.98,80.29,40.76,53.54,125.5,19.91,27.12,19.95,28.96,60.31,50.05,51.6975,12.5275,26.9142
2010-01-23,21.2851,30.47,38.59,24.42,62.88,57.87,29.98,80.29,40.76,53.54,125.5,19.91,27.12,19.95,28.96,60.31,50.05,51.6975,12.5275,26.9142
2010-01-24,21.2851,30.47,38.59,24.42,62.88,57.87,29.98,80.29,40.76,53.54,125.5,19.91,27.12,19.95,28.96,60.31,50.05,51.6975,12.5275,26.9142
2010-01-25,21.0977,29.77,37.79,24.73,62.67,58.55,29.92,80.69,40.45,54.9,126.12,20.32,27.175,19.96,29.32,60.63,50.71,52.475,12.8125,27.164
2010-01-26,20.4016,29.63,38.1,25.035,62.02,58.49,29.66,80.76,40.8,54.08,125.75,20.0,27.07,19.85,29.5,60.69,49.47,51.1225,12.655,27.189
2010-01-27,20.3481,29.75,38.67,24.82,61.49,58.06,29.32,80.42,40.42,54.2,126.33,20.24,27.255,19.96,29.67,60.81,51.63,50.945,13.055,27.4887
2010-01-28,19.4913,29.95,37.43,23.48,60.07,57.33,29.35,79.07,39.82,53.9,123.75,19.92,27.09,20.04,29.16,61.68,50.59,49.2,12.875,27.0266
2010-01-29,18.5274,29.97,37.66,23.245,58.79,56.12,29.55,78.35,39.01,53.51,122.39,19.4,27.125,19.72,28.18,61.55,49.99,48.505,12.6175,26.8018
2010-01-30,18.5274,29.97,37.66,23.245,58.79,56.12,29.55,78.35,39.01,53.51,122.39,19.4,27.125,19.72,28.18,61.55,49.99,48.505,12.6175,26.8018
2010-01-31,18.5274,29.97,37.66,23.245,58.79,56.12,29.55,78.35,39.01,53.51,122.39,19.4,27.125,19.72,28.18,61.55,49.99,48.505,12.6175,26.8018
2010-02-01,19.8661,30.16,38.21,23.42,59.67,57.23,29.52,80.67,38.87,54.58,124.67,19.61,27.19,20.27,28.41,61.99,51.22,51.655,13.04,27.0017
2010-02-02,20.6961,31.63,39.02,23.435,61.39,55.46,29.98,82.33,39.49,54.84,125.53,19.91,27.525,20.81,28.46,62.9,51.94,52.725,13.23,27.3389
2010-02-03,20.0,31.18,38.33,22.49,60.5,55.17,30.75,82.12,38.92,54.4,125.66,19.68,27.435,20.92,28.63,62.65,50.36,51.3175,13.035,27.0516
2010-02-04,18.5274,30.06,37.53,21.915,58.55,53.48,29.67,78.85,38.49,51.79,123.0,19.02,26.715,20.03,27.84,61.4,48.21,48.2325,12.7025,27.5512
2010-02-05,19.5448,30.61,37.85,21.525,58.75,53.18,29.54,76.69,38.06,51.38,123.52,19.47,26.545,20.1,28.02,61.3,48.53,48.825,12.65,27.5637
2010-02-06,19.5448,30.61,37.85,21.525,58.75,53.18,29.54,76.69,38.06,51.38,123.52,19.47,26.545,20.1,28.02,61.3,48.53,48.825,12.65,27.5637
2010-02-07,19.5448,30.61,37.85,21.525,58.75,53.18,29.54,76.69,38.06,51.38,123.52,19.47,26.545,20.1,28.02,61.3,48.53,48.825,12.65,27.5637
2010-02-08,19.5984,29.89,36.79,21.565,56.9,52.43,29.48,76.69,38.12,50.31,121.88,19.35,26.325,20.06,27.72,61.01,47.02,46.895,12.535,27.189
2010-02-09,22.3025,29.91,37.54,22.055,57.86,53.61,29.84,79.22,38.47,51.45,123.21,19.65,27.005,20.51,28.01,61.76,48.36,50.07,12.84,27.164
2010-02-10,22.249,29.99,37.75,21.99,58.06,53.65,30.03,78.29,37.52,51.55,122.81,19.69,26.895,20.27,27.99,61.67,48.88,49.8,12.74,27.2015
2010-02-11,22.7309,30.03,38.29,22.21,58.76,54.8,30.16,79.53,38.47,51.87,123.73,20.06,27.11,20.61,28.12,61.96,48.59,51.6,12.97,27.2764
2010-02-12,23.3199,29.77,38.42,21.97,58.66,54.67,30.07,78.55,38.75,51.01,124.0,20.43,26.99,20.99,27.93,61.76,48.14,50.7625,12.94,27.3639
2010-02-13,23.3199,29.77,38.42,21.97,58.66,54.67,30.07,78.55,38.75,51.01,124.0,20.43,26.99,20.99,27.93,61.76,48.14,50.7625,12.94,27.3639
2010-02-14,23.3199,29.77,38.42,21.97,58.66,54.67,30.07,78.55,38.75,51.01,124.0,20.43,26.99,20.99,27.93,61.76,48.14,50.7625,12.94,27.3639
2010-02-15,23.3199,29.77,38.42,21.97,58.66,54.67,30.07,78.55,38.75,51.01,124.0,20.43,26.99,20.99,27.93,61.76,48.14,50.7625,12.94,27.3639
2010-02-16,24.2303,29.48,39.62,21.965,59.7,55.95,30.47,79.97,39.25,52.54,125.23,20.72,27.41,21.25,28.35,62.83,49.93,52.96,13.1075,27.6386
2010-02-17,23.9625,29.88,39.05,21.965,61.24,54.24,30.86,79.94,39.36,53.39,126.33,20.66,27.665,21.56,28.59,62.85,50.57,53.8125,13.4275,27.6636
2010-02-18,23.4003,29.97,39.15,21.955,61.21,54.74,31.02,80.1,38.84,53.62,127.81,20.84,27.955,21.9,28.969,63.39,51.08,53.9475,13.3075,27.8384
2010-02-19,23.6948,29.95,39.06,21.825,61.31,54.3,31.23,81.76,38.26,53.28,127.19,20.82,27.86,21.78,28.77,63.45,51.5,53.325,13.355,27.6761
2010-02-20,23.6948,29.95,39.06,21.825,61.31,54.3,31.23,81.76,38.26,53.28,127.19,20.82,27.86,21.78,28.77,63.45,51.5,53.325,13.355,27.6761
2010-02-21,23.6948,29.95,39.06,21.825,61.31,54.3,31.23,81.76,38.26,53.28,127.19,20.82,27.86,21.78,28.77,63.45,51.5,53.325,13.355,27.6761
2010-02-22,24.1232,29.81,38.93,21.775,61.5,54.25,31.12,82.36,37.32,54.0,126.85,20.87,27.69,21.58,28.73,63.42,51.7,53.635,13.34,27.4887
2010-02-23,23.7483,29.62,37.93,21.715,60.13,53.22,30.92,81.49,37.42,53.88,126.46,20.388,27.415,21.8,28.33,63.21,50.51,52.1425,13.3625,27.1765
2010-02-24,23.7483,29.57,38.41,21.75,60.05,53.58,31.39,83.08,37.33,55.23,127.59,20.7,27.58,22.0,28.63,63.89,51.9,51.4625,13.685,27.4638
2010-02-25,23.909,29.47,38.04,21.57,60.4,52.89,31.36,83.18,37.13,54.89,127.07,20.63,26.56,22.08,28.6,63.7,52.24,51.1375,13.725,27.4763
2010-02-26,24.6051,29.36,38.19,22.06,59.59,53.21,31.24,84.76,37.14,54.92,127.16,20.53,26.36,21.99,28.67,63.28,52.41,51.95,13.68,27.189
2010-02-27,24.6051,29.36,38.19,22.06,59.59,53.21,31.24,84.76,37.14,54.92,127.16,20.53,26.36,21.99,28.67,63.28,52.41,51.95,13.68,27.189
2010-02-28,24.6051,29.36,38.19,22.06,59.59,53.21,31.24,84.76,37.14,54.92,127.16,20.53,26.36,21.99,28.67,63.28,52.41,51.95,13.68,27.189
2010-03-01,25.1941,29.66,38.13,21.995,60.26,53.98,31.54,85.81,37.03,51.58,128.57,20.87,26.635,22.07,29.02,63.51,53.46,52.665,14.3325,27.0017
2010-03-02,24.5515,29.85,38.39,22.18,61.41,54.0,31.88,85.41,37.23,52.27,127.42,20.6975,26.65,22.29,28.46,63.71,53.21,53.205,14.235,27.2889
2010-03-03,24.8996,29.78,38.28,22.335,61.57,54.86,31.64,86.14,37.36,52.6,126.88,20.52,26.965,21.94,28.46,63.55,52.83,54.915,14.1925,27.9508
2010-03-04,24.5783,30.0,38.89,22.405,60.89,55.09,32.57,86.36,37.37,52.35,126.72,20.53,27.235,22.06,28.63,63.67,53.77,54.5475,14.1425,27.9259
2010-03-05,25.1406,30.62,40.2,22.73,63.27,55.78,33.22,86.95,37.54,53.63,127.25,20.79,27.35,22.5,28.5875,63.69,54.58,56.5675,14.37,28.0608
2010-03-06,25.1406,30.62,40.2,22.73,63.27,55.78,33.22,86.95,37.54,53.63,127.25,20.79,27.35,22.5,28.5875,63.69,54.58,56.5675,14.37,28.0608
2010-03-07,25.1406,30.62,40.2,22.73,63.27,55.78,33.22,86.95,37.54,53.63,127.25,20.79,27.35,22.5,28.5875,63.69,54.58,56.5675,14.37,28.0608
2010-03-08,23.9357,30.57,39.71,22.365,62.2,56.17,33.19,86.67,37.37,53.2,126.41,20.77,27.23,22.59,28.63,63.19,55.32,56.125,14.425,28.0882
2010-03-09,26.158,30.51,39.7,22.205,62.37,56.04,33.31,86.85,37.72,52.7,125.55,20.94,27.09,22.6,28.8,63.3,55.42,55.7675,14.35,28.0633
2010-03-10,26.6934,30.24,39.72,22.19,61.85,56.19,33.33,87.26,37.66,52.75,125.62,21.19,27.1,22.89,28.97,63.01,55.81,56.125,14.4475,28.0633
2010-03-11,27.2021,29.44,40.11,21.995,60.94,56.6,33.81,86.49,37.84,52.58,127.6,21.25,26.8,22.82,29.18,63.17,55.82,56.0575,14.4925,28.4504
2010-03-12,26.6399,28.66,40.76,22.175,60.84,56.86,33.69,86.18,37.82,51.87,127.94,21.27,26.675,22.76,29.27,63.32,55.91,56.2025,14.575,28.7252
2010-03-13,26.6399,28.66,40.76,22.175,60.84,56.86,33.69,86.18,37.82,51.87,127.94,21.27,26.675,22.76,29.27,63.32,55.91,56.2025,14.575,28.7252
2010-03-14,26.6399,28.66,40.76,22.175,60.84,56.86,33.69,86.18,37.82,51.87,127.94,21.27,26.675,22.76,29.27,63.32,55.91,56.2025,14.575,28.7252
2010-03-15,26.3454,28.61,40.7,22.155,60.48,56.58,33.72,87.83,37.73,51.85,127.83,21.17,26.825,22.94,29.29,63.7,55.88,55.5825,14.5075,28.5878
2010-03-16,25.8635,28.59,40.92,22.195,60.01,57.18,33.75,88.63,37.79,52.19,128.67,22.01,26.85,23.14,29.37,63.53,57.09,56.675,15.07,28.6752
2010-03-17,25.676,29.1,41.01,22.355,61.68,58.15,33.75,89.8,37.8,52.97,127.76,22.2425,26.92,23.21,29.63,64.01,57.59,57.3725,14.745,28.4379
2010-03-18,25.5422,29.24,41.0,22.37,61.99,58.15,33.78,92.67,39.22,52.19,128.38,22.2,26.975,23.14,29.61,63.73,57.79,56.9175,14.8975,28.2881
2010-03-19,24.1232,29.09,40.33,22.055,62.01,57.69,33.64,91.05,38.57,51.17,127.71,21.9925,27.375,23.19,29.59,63.84,57.96,55.4625,14.8225,28.1881
2010-03-20,24.1232,29.09,40.33,22.055,62.01,57.69,33.64,91.05,38.57,51.17,127.71,21.9925,27.375,23.19,29.59,63.84,57.96,55.4625,14.8225,28.1881
2010-03-21,24.1232,29.09,40.33,22.055,62.01,57.69,33.64,91.05,38.57,51.17,127.71,21.9925,27.375,23.19,29.59,63.84,57.96,55.4625,14.8225,28.1881
2010-03-22,24.3106,29.33,41.08,22.465,63.16,57.35,33.95,89.68,39.01,51.5,127.98,22.24,27.27,23.27,29.6,63.88,58.08,56.5375,15.0775,28.0882
2010-03-23,23.9625,29.32,41.24,22.575,65.34,57.95,34.01,91.63,38.98,51.32,129.37,22.6725,27.65,23.22,29.88,64.53,58.35,58.1225,14.975,28.1881
2010-03-24,24.2035,28.5,41.01,22.26,64.38,57.23,34.39,90.24,38.64,50.35,128.53,22.43,27.31,22.94,29.65,63.61,58.39,57.6075,14.6925,27.7011
2010-03-25,24.3373,28.26,41.42,22.29,63.76,56.53,35.09,90.94,38.42,50.92,129.24,22.35,27.4,22.79,30.01,63.62,58.5,56.54,14.5225,27.4263
2010-03-26,24.5783,28.42,41.12,22.305,63.84,56.69,35.31,91.35,38.02,51.08,129.26,22.24,27.325,22.83,29.66,63.69,59.21,57.7775,14.5575,27.4138
2010-03-27,24.5783,28.42,41.12,22.305,63.84,56.69,35.31,91.35,38.02,51.08,129.26,22.24,27.325,22.83,29.66,63.69,59.21,57.7775,14.5575,27.4138
2010-03-28,24.5783,28.42,41.12,22.305,63.84,56.69,35.31,91.35,38.02,51.08,129.26,22.24,27.325,22.83,29.66,63.69,59.21,57.7775,14.5575,27.4138
2010-03-29,24.4444,29.03,41.48,22.45,63.53,56.89,35.16,92.23,38.12,51.25,128.59,22.33,27.385,23.09,29.59,63.73,59.91,58.9,14.5675,28.7252
2010-03-30,23.9357,28.93,41.29,22.25,63.25,56.83,35.1,92.82,38.23,50.85,128.77,22.34,27.435,23.12,29.77,63.66,59.67,59.3825,14.7475,28.9625
2010-03-31,24.3909,28.9,41.26,22.36,61.63,57.07,34.91,93.4,38.52,50.69,128.25,22.29,27.5,22.74,29.2875,63.27,60.5,59.1825,14.5125,29.1123
2010-04-01,24.1767,29.11,41.7,22.475,61.85,57.74,35.55,92.17,38.55,51.66,128.25,22.39,27.65,22.61,29.16,63.36,61.29,61.075,14.85,29.1748
2010-04-02,24.1767,29.11,41.7,22.475,61.85,57.74,35.55,92.17,38.55,51.66,128.25,22.39,27.65,22.61,29.16,63.36,61.29,61.075,14.85,29.1748
2010-04-03,24.1767,29.11,41.7,22.475,61.85,57.74,35.55,92.17,38.55,51.66,128.25,22.39,27.65,22.61,29.16,63.36,61.29,61.075,14.85,29.1748
2010-04-04,24.1767,29.11,41.7,22.475,61.85,57.74,35.55,92.17,38.55,51.66,128.25,22.39,27.65,22.61,29.16,63.36,61.29,61.075,14.85,29.1748
2010-04-05,23.6948,28.46,42.67,22.435,61.0,58.51,35.22,92.46,38.63,51.75,129.35,22.59,27.43,23.52,29.27,63.76,63.0,61.555,15.245,29.3247
2010-04-06,23.5341,28.23,43.12,22.315,60.18,59.36,35.47,92.37,38.74,51.46,128.93,22.4,27.145,23.31,29.32,63.11,63.81,61.5525,15.37,28.7751
2010-04-07,22.8916,28.25,42.37,22.435,59.78,58.78,35.32,90.67,38.76,51.38,128.48,22.45,26.91,23.14,29.35,62.5,62.84,60.44,16.6375,28.313
2010-04-08,23.3735,28.06,43.69,22.325,59.22,58.97,35.67,90.72,38.86,51.93,127.61,22.31,26.88,23.49,29.92,62.56,63.48,60.5875,16.62,28.6253
2010-04-09,23.1325,28.26,43.88,22.565,60.35,59.46,36.22,91.26,39.2,53.12,128.76,22.55,27.295,23.18,30.34,62.73,63.52,60.685,16.615,28.8251
2010-04-10,23.1325,28.26,43.88,22.565,60.35,59.46,36.22,91.26,39.2,53.12,128.76,22.55,27.295,23.18,30.34,62.73,63.52,60.685,16.615,28.8251
2010-04-11,23.1325,28.26,43.88,22.565,60.35,59.46,36.22,91.26,39.2,53.12,128.76,22.55,27.295,23.18,30.34,62.73,63.52,60.685,16.615,28.8251
2010-04-12,23.7216,28.37,44.54,22.645,61.63,59.34,35.89,90.82,39.13,53.26,128.36,22.539,27.38,23.28,30.32,62.7,63.09,60.645,16.575,28.7377
2010-04-13,23.427,28.18,44.99,22.64,59.81,59.29,35.84,90.72,39.49,53.38,129.03,22.7699,27.51,23.46,30.45,63.0,63.38,60.2775,16.705,28.8501
2010-04-14,24.2035,28.31,46.46,22.645,60.67,60.0,36.2,94.01,39.47,53.84,131.25,23.52,27.475,23.32,30.82,63.19,65.11,61.6,16.735,29.2497
2010-04-15,24.3641,28.34,46.67,22.79,60.41,60.57,36.4,95.62,39.46,54.97,130.89,24.221,27.13,23.75,30.87,63.0,64.46,60.5325,16.7375,29.5869
2010-04-16,23.5341,28.25,45.1,22.665,59.94,59.88,35.83,93.87,39.57,53.61,130.63,23.92,27.485,23.84,30.67,62.85,62.84,58.7425,16.73,29.1998
2010-04-17,23.5341,28.25,45.1,22.665,59.94,59.88,35.83,93.87,39.57,53.61,130.63,23.92,27.485,23.84,30.67,62.85,62.84,58.7425,16.73,29.1998
2010-04-18,23.5341,28.25,45.1,22.665,59.94,59.88,35.83,93.87,39.57,53.61,130.63,23.92,27.485,23.84,30.67,62.85,62.84,58.7425,16.73,29.1998
2010-04-19,22.5167,28.26,45.76,22.615,59.74,59.48,36.17,92.55,39.38,53.31,132.23,24.0,27.66,23.52,31.039,63.22,63.67,58.7625,17.035,29.0749
2010-04-20,22.9183,28.92,46.2,22.865,59.73,60.48,36.54,92.04,39.43,53.25,129.69,24.12,27.235,23.63,31.36,63.19,65.28,58.375,16.9825,29.0249
2010-04-21,20.8032,28.77,45.99,22.7,58.46,60.09,36.56,91.5,39.0,52.52,128.99,23.8,27.095,23.6,31.332,63.63,64.85,57.56,17.295,29.0874
2010-04-22,20.2945,28.46,46.77,22.44,58.44,59.55,36.78,91.71,38.61,52.73,129.13,23.99,27.155,23.43,31.39,63.59,64.58,57.5025,17.4675,28.925
2010-04-23,20.83,28.5,48.05,22.565,58.73,59.88,36.79,92.81,38.61,52.63,129.99,24.04,26.94,23.54,30.96,63.54,65.82,58.2175,17.4425,28.8501
2010-04-24,20.83,28.5,48.05,22.565,58.73,59.88,36.79,92.81,38.61,52.63,129.99,24.04,26.94,23.54,30.96,63.54,65.82,58.2175,17.4425,28.8501
2010-04-25,20.83,28.5,48.05,22.565,58.73,59.88,36.79,92.81,38.61,52.63,129.99,24.04,26.94,23.54,30.96,63.54,65.82,58.2175,17.4425,28.8501
2010-04-26,20.9906,28.44,47.14,22.455,58.05,57.91,37.04,92.5,38.68,52.94,130.73,23.82,26.865,23.86,31.11,63.94,65.49,58.5775,17.55,28.7751
2010-04-27,19.7323,27.88,45.79,21.79,56.33,56.33,36.32,89.72,37.56,50.8,128.82,23.35,26.435,23.28,30.845,63.11,61.66,54.9075,16.91,27.6511
2010-04-28,20.1071,28.01,46.08,21.84,57.28,57.34,36.29,90.84,37.28,50.87,130.1,23.26,26.68,23.24,30.91,63.17,62.77,54.5425,16.7575,27.3763
2010-04-29,20.1071,28.12,47.6,22.17,53.5,52.56,37.22,92.58,37.5,51.74,130.46,23.49,26.87,23.65,31.003,62.2,65.23,53.975,17.41,27.8884
2010-04-30,19.759,27.94,46.12,22.115,52.95,52.15,36.84,90.01,37.29,50.89,129.0,22.84,26.725,23.02,30.535,62.16,63.56,50.86,16.7925,27.726
2010-05-01,19.759,27.94,46.12,22.115,52.95,52.15,36.84,90.01,37.29,50.89,129.0,22.84,26.725,23.02,30.535,62.16,63.56,50.86,16.7925,27.726
2010-05-02,19.759,27.94,46.12,22.115,52.95,52.15,36.84,90.01,37.29,50.89,129.0,22.84,26.725,23.02,30.535,62.16,63.56,50.86,16.7925,27.726
2010-05-03,20.3213,27.72,47.2,22.045,53.62,50.19,37.56,92.47,37.43,51.38,129.6,23.26,26.88,23.96,30.86,62.68,64.36,47.92,16.9825,28.0508
2010-05-04,19.1968,26.22,45.86,22.01,52.32,51.2,36.59,89.37,36.95,49.81,128.12,22.56,26.59,22.99,30.13,61.71,61.66,48.03,16.6225,27.139
2010-05-05,19.0629,26.45,44.43,21.585,51.25,50.99,35.34,88.56,36.19,49.4,127.46,22.1725,26.83,22.88,29.85,62.16,61.35,48.27,16.475,26.6894
2010-05-06,18.0723,25.7,42.5,20.84,50.76,50.332,34.01,85.99,34.9,46.69,123.92,21.51,26.15,22.1,28.98,60.75,60.03,45.36,16.015,25.7403
2010-05-07,17.8849,25.94,40.6,20.615,51.48,49.06,33.41,83.14,34.2,46.78,122.1,21.31,26.335,21.45,28.21,60.31,58.15,45.93,15.77,24.9799
2010-05-08,17.8849,25.94,40.6,20.615,51.48,49.06,33.41,83.14,34.2,46.78,122.1,21.31,26.335,21.45,28.21,60.31,58.15,45.93,15.77,24.9799
2010-05-09,17.8849,25.94,40.6,20.615,51.48,49.06,33.41,83.14,34.2,46.78,122.1,21.31,26.335,21.45,28.21,60.31,58.15,45.93,15.77,24.9799
2010-05-10,18.6613,26.61,43.09,21.275,51.9,48.75,35.29,87.72,35.29,49.78,126.27,22.55,27.02,22.49,28.94,62.42,62.62,49.83,16.6925,26.1774
2010-05-11,18.581,27.02,43.33,21.28,51.24,48.74,35.76,88.11,35.37,49.03,126.89,22.28,26.805,22.82,28.88,62.37,63.16,48.47,16.96,25.6403
2010-05-12,19.6519,27.5,44.1,21.695,54.75,48.5,35.13,89.76,35.4,49.65,132.68,23.09,27.01,23.15,29.44,63.02,63.98,49.17,17.445,25.8402
2010-05-13,19.4913,27.15,42.81,21.575,51.73,48.1,34.75,87.98,35.09,48.56,131.48,22.5,26.745,22.13,29.24,62.75,61.85,49.06,17.385,25.3406
2010-05-14,19.17,26.77,40.64,21.025,50.73,46.87,34.06,85.91,34.15,47.35,131.19,21.89,26.67,21.97,28.93,62.54,60.46,47.14,17.1025,24.6537
2010-05-15,19.17,26.77,40.64,21.025,50.73,46.87,34.06,85.91,34.15,47.35,131.19,21.89,26.67,21.97,28.93,62.54,60.46,47.14,17.1025,24.6537
2010-05-16,19.17,26.77,40.64,21.025,50.73,46.87,34.06,85.91,34.15,47.35,131.19,21.89,26.67,21.97,28.93,62.54,60.46,47.14,17.1025,24.6537
2010-05-17,19.5716,27.17,41.22,21.275,50.49,46.57,34.2,85.89,34.48,47.41,130.44,22.02,26.705,22.47,28.94,63.38,60.86,45.63,17.385,25.0658
2010-05-18,18.9826,26.71,39.84,20.975,51.02,45.38,33.73,84.06,33.66,46.79,129.95,21.43,26.55,22.33,28.5975,63.21,59.73,44.73,16.69,24.4039
2010-05-19,18.7684,26.67,40.17,21.11,50.01,45.27,33.39,84.09,34.28,46.41,128.86,21.6,26.56,22.11,28.24,63.22,58.44,43.68,16.765,23.9918
2010-05-20,17.4833,25.38,38.62,20.505,48.07,44.58,31.99,81.1,33.33,44.92,123.8,20.79,25.77,21.36,27.11,61.61,54.6,39.87,16.3,23.3423
2010-05-21,18.3133,25.41,39.82,20.785,47.84,43.86,32.87,83.06,33.28,45.75,125.42,20.9075,25.795,21.45,26.84,61.85,56.39,42.48,16.435,23.7919
2010-05-22,18.3133,25.41,39.82,20.785,47.84,43.86,32.87,83.06,33.28,45.75,125.42,20.9075,25.795,21.45,26.84,61.85,56.39,42.48,16.435,23.7919
2010-05-23,18.3133,25.41,39.82,20.785,47.84,43.86,32.87,83.06,33.28,45.75,125.42,20.9075,25.795,21.45,26.84,61.85,56.39,42.48,16.435,23.7919
2010-05-24,18.1526,24.92,39.04,20.7,47.52,41.86,32.48,81.47,32.93,45.35,124.45,20.67,25.73,21.46,26.27,61.4,54.92,42.08,16.455,23.3298
2010-05-25,19.1165,24.7,39.0,20.67,47.19,42.56,32.32,80.71,32.92,45.47,124.52,20.85,25.31,21.37,26.07,61.05,55.68,42.86,16.4975,23.9293
2010-05-26,20.0268,24.87,38.17,20.455,47.96,42.41,33.07,81.64,32.34,44.37,123.23,20.7,25.04,21.28,25.01,60.44,55.7,43.33,16.1625,23.9793
2010-05-27,20.83,25.43,40.33,20.925,49.39,45.38,34.37,84.16,33.36,46.48,126.39,21.76,25.615,21.7,26.0,60.95,59.14,47.31,17.1125,25.0908
2010-05-28,20.5355,25.27,39.87,21.125,48.76,42.95,33.42,83.49,33.46,45.36,125.26,21.42,25.7,21.66,25.8,61.09,57.71,46.1,16.94,25.1033
2010-05-29,20.5355,25.27,39.87,21.125,48.76,42.95,33.42,83.49,33.46,45.36,125.26,21.42,25.7,21.66,25.8,61.09,57.71,46.1,16.94,25.1033
2010-05-30,20.5355,25.27,39.87,21.125,48.76,42.95,33.42,83.49,33.46,45.36,125.26,21.42,25.7,21.66,25.8,61.09,57.71,46.1,16.94,25.1033
2010-05-31,20.5355,25.27,39.87,21.125,48.76,42.95,33.42,83.49,33.46,45.36,125.26,21.42,25.7,21.66,25.8,61.09,57.71,46.1,16.94,25.1033
2010-06-01,20.2677,25.0,39.19,21.155,48.14,36.52,33.33,81.29,33.66,45.63,124.34,21.18,25.645,21.26,25.89,61.16,56.72,44.75,16.57,25.2782
2010-06-02,21.9545,25.56,40.97,21.795,49.15,37.66,34.74,83.32,34.81,46.75,127.41,21.81,26.205,21.67,26.46,61.74,58.95,46.71,16.8875,25.0034
2010-06-03,22.1687,25.53,40.54,21.76,49.09,39.27,34.71,83.98,34.93,46.56,127.96,21.9,26.375,21.72,26.86,61.8,59.31,46.36,16.9,25.4905
2010-06-04,20.7497,24.825,38.41,21.235,48.6,37.16,33.69,79.37,33.88,45.3,125.28,20.945,25.635,20.8525,25.79,60.8,55.66,43.88,16.06,24.9784
2010-06-05,20.7497,24.825,38.41,21.235,48.6,37.16,33.69,79.37,33.88,45.3,125.28,20.945,25.635,20.8525,25.79,60.8,55.66,43.88,16.06,24.9784
2010-06-06,20.7497,24.825,38.41,21.235,48.6,37.16,33.69,79.37,33.88,45.3,125.28,20.945,25.635,20.8525,25.79,60.8,55.66,43.88,16.06,24.9784
2010-06-07,20.6158,24.51,37.71,21.065,47.45,36.76,33.04,76.52,33.66,44.97,124.13,20.3075,25.4,20.4,25.29,60.62,54.59,43.28,15.62,24.7037
2010-06-08,20.8568,24.89,38.43,21.185,47.76,34.6775,33.15,78.68,33.6,45.96,123.72,20.18,25.78,20.7,25.11,62.14,55.95,44.9,15.9475,24.5413
2010-06-09,21.3119,24.93,38.11,21.315,50.25,29.2,32.94,77.55,33.7,45.77,123.9,19.93,25.675,20.7,24.79,61.47,55.16,44.76,16.0625,24.7661
2010-06-10,21.7403,25.39,40.03,22.085,50.94,32.78,34.11,80.26,34.28,47.33,127.68,20.55,26.225,21.54,25.0,61.91,58.19,48.18,16.3375,25.7527
2010-06-11,22.1151,25.64,40.13,22.51,52.23,33.97,34.24,80.63,34.97,47.3,128.45,20.64,25.825,21.55,25.66,61.01,58.81,47.29,16.625,25.7652
2010-06-12,22.1151,25.64,40.13,22.51,52.23,33.97,34.24,80.63,34.97,47.3,128.45,20.64,25.825,21.55,25.66,61.01,58.81,47.29,16.625,25.7652
2010-06-13,22.1151,25.64,40.13,22.51,52.23,33.97,34.24,80.63,34.97,47.3,128.45,20.64,25.825,21.55,25.66,61.01,58.81,47.29,16.625,25.7652
2010-06-14,22.6238,25.65,39.89,22.515,52.26,30.67,33.93,81.47,35.24,47.37,128.5,20.89,25.755,21.685,25.495,61.25,57.98,47.99,16.97,25.9276
2010-06-15,23.5341,26.71,41.59,22.98,54.37,31.4,34.99,83.01,36.02,48.43,129.79,21.48,26.09,22.26,26.5825,61.91,58.98,49.95,17.1025,26.5021
2010-06-16,22.8916,26.78,42.34,22.89,53.33,31.85,34.79,78.07,36.41,48.01,130.35,21.489,26.2,22.59,26.32,61.19,58.48,49.58,17.005,26.3273
2010-06-17,23.2664,27.51,42.06,22.895,53.61,31.71,35.07,78.11,36.16,48.09,130.98,21.52,26.18,22.65,26.37,61.76,59.02,49.2,16.6375,26.4272
2010-06-18,22.6506,27.19,42.03,22.745,53.24,31.76,35.15,78.7,35.49,48.05,130.15,21.4,26.155,22.5,26.44,61.3,59.05,49.47,16.7975,26.5271
2010-06-19,22.6506,27.19,42.03,22.745,53.24,31.76,35.15,78.7,35.49,48.05,130.15,21.4,26.155,22.5,26.44,61.3,59.05,49.47,16.7975,26.5271
2010-06-20,22.6506,27.19,42.03,22.745,53.24,31.76,35.15,78.7,35.49,48.05,130.15,21.4,26.155,22.5,26.44,61.3,59.05,49.47,16.7975,26.5271
2010-06-21,22.0616,27.16,42.6,22.435,54.04,30.33,35.06,78.58,35.2,48.38,130.65,21.19,26.24,22.33,25.95,61.1,58.79,50.71,16.4775,26.5521
2010-06-22,21.2048,26.65,41.94,22.455,52.76,29.68,34.35,76.2,35.06,48.25,129.3,20.98,26.23,22.03,25.77,60.72,57.7,49.89,15.8275,26.2648
2010-06-23,20.6693,26.99,42.17,22.45,52.72,29.67,34.34,76.59,34.99,48.54,130.11,20.81,26.12,22.34,25.308,61.38,57.03,51.05,16.095,26.6645
2010-06-24,20.4284,26.46,41.06,22.535,51.28,28.74,33.6,75.96,34.97,47.88,128.19,20.32,25.9,22.41,25.0,60.87,55.81,48.99,15.625,26.9642
2010-06-25,19.6252,26.34,42.67,22.445,52.29,27.02,33.48,75.96,34.61,48.43,127.12,20.0325,25.13,21.99,24.5325,59.79,57.55,48.78,15.51,27.0516
2010-06-26,19.6252,26.34,42.67,22.445,52.29,27.02,33.48,75.96,34.61,48.43,127.12,20.0325,25.13,21.99,24.5325,59.79,57.55,48.78,15.51,27.0516
2010-06-27,19.6252,26.34,42.67,22.445,52.29,27.02,33.48,75.96,34.61,48.43,127.12,20.0325,25.13,21.99,24.5325,59.79,57.55,48.78,15.51,27.0516
2010-06-28,19.2771,26.65,42.11,22.36,51.96,27.05,33.22,75.13,34.3,48.02,128.98,20.36,25.54,21.95,24.31,60.62,57.47,48.4,15.76,27.5012
2010-06-29,18.0455,26.01,40.09,24.37,49.39,27.67,32.3,71.51,33.83,46.2,125.09,19.79,25.165,21.42,23.31,60.32,54.36,45.42,15.33,26.7269
2010-06-30,18.1526,25.82,39.7,23.565,49.19,28.88,31.5,70.11,34.01,45.59,123.48,19.45,25.06,21.16,23.01,59.98,53.66,43.6,15.2425,25.8152
2010-07-01,17.7242,25.76,39.48,23.775,49.81,29.39,31.49,72.0,33.92,45.91,122.57,19.25,25.015,21.25,23.16,59.54,53.89,44.26,15.31,26.4022
2010-07-02,17.3226,25.5,39.42,23.525,49.78,29.35,31.38,71.41,33.78,45.7,121.86,19.2,25.025,20.95,23.27,59.38,53.89,44.33,15.3675,26.1899
2010-07-03,17.3226,25.5,39.42,23.525,49.78,29.35,31.38,71.41,33.78,45.7,121.86,19.2,25.025,20.95,23.27,59.38,53.89,44.33,15.3675,26.1899
2010-07-04,17.3226,25.5,39.42,23.525,49.78,29.35,31.38,71.41,33.78,45.7,121.86,19.2,25.025,20.95,23.27,59.38,53.89,44.33,15.3675,26.1899
2010-07-05,17.3226,25.5,39.42,23.525,49.78,29.35,31.38,71.41,33.78,45.7,121.86,19.2,25.025,20.95,23.27,59.38,53.89,44.33,15.3675,26.1899
2010-07-06,17.1352,25.78,39.21,23.885,50.06,31.91,31.72,70.7,34.13,46.34,123.46,19.481,25.215,21.06,23.82,59.34,54.37,45.48,15.3175,26.3897
2010-07-07,18.0455,26.34,41.15,24.165,52.18,33.19,33.14,72.89,34.44,47.04,127.0,20.1425,25.735,21.74,24.3,60.82,55.76,46.88,15.94,27.214
2010-07-08,18.1526,26.71,42.12,24.385,53.18,33.74,33.34,73.68,34.91,47.49,127.97,20.1,26.21,21.84,24.4095,61.95,56.11,47.28,16.3525,27.3763
2010-07-09,18.5007,26.72,42.58,24.5,53.94,34.05,33.75,74.22,34.84,47.57,127.96,20.24,26.2,22.57,24.27,61.75,56.4,48.29,16.435,27.2889
2010-07-10,18.5007,26.72,42.58,24.5,53.94,34.05,33.75,74.22,34.84,47.57,127.96,20.24,26.2,22.57,24.27,61.75,56.4,48.29,16.435,27.2889
2010-07-11,18.5007,26.72,42.58,24.5,53.94,34.05,33.75,74.22,34.84,47.57,127.96,20.24,26.2,22.57,24.27,61.75,56.4,48.29,16.435,27.2889
2010-07-12,18.34,26.68,42.83,24.435,53.58,36.76,33.77,74.16,35.12,47.8,128.67,20.57,26.225,22.76,24.83,62.09,56.27,46.89,16.48,27.1515
2010-07-13,19.0897,26.98,44.17,24.805,53.96,36.88,34.45,77.29,35.72,48.73,130.48,21.01,26.36,23.02,25.13,62.39,56.88,47.55,16.8425,27.8759
2010-07-14,19.0094,26.9,43.7,24.985,54.06,36.18,34.24,78.73,36.35,48.82,130.72,21.36,26.41,22.67,25.44,62.66,56.01,47.58,16.9825,27.9384
2010-07-15,19.0361,26.87,43.43,25.165,54.0,38.92,34.05,77.22,37.21,49.28,130.72,21.51,26.425,23.0,25.51,62.73,55.98,47.12,17.205,28.1757
2010-07-16,18.3936,26.74,41.38,24.395,51.98,37.1,33.03,74.61,36.42,47.62,128.03,21.02,26.185,20.81,24.89,61.99,53.42,45.76,16.6875,27.6012
2010-07-17,18.3936,26.74,41.38,24.395,51.98,37.1,33.03,74.61,36.42,47.62,128.03,21.02,26.185,20.81,24.89,61.99,53.42,45.76,16.6875,27.6012
2010-07-18,18.3936,26.74,41.38,24.395,51.98,37.1,33.03,74.61,36.42,47.62,128.03,21.02,26.185,20.81,24.89,61.99,53.42,45.76,16.6875,27.6012
2010-07-19,18.0455,26.78,41.58,24.53,52.06,35.75,33.31,74.99,36.25,47.78,129.79,21.59,26.135,21.27,25.23,61.86,53.35,46.54,17.01,27.751
2010-07-20,18.34,27.38,42.06,24.7,53.41,35.2,33.4,75.91,36.37,48.23,126.55,21.65,26.62,21.15,25.48,62.07,53.66,49.14,17.215,27.6886
2010-07-21,17.7242,27.09,41.15,24.115,53.62,36.13,32.81,74.03,36.36,48.23,125.27,21.26,27.04,20.66,25.12,61.11,52.71,48.54,16.8175,27.751
2010-07-22,18.1794,27.45,43.19,24.57,53.95,36.23,33.59,78.53,36.66,49.88,127.47,21.78,27.13,21.05,25.84,61.37,54.68,50.61,17.1125,28.4504
2010-07-23,18.4471,27.63,44.79,24.31,55.08,36.86,34.13,78.96,36.5,49.99,128.38,21.69,27.375,21.24,25.81,61.91,55.42,51.95,17.4275,29.0249
2010-07-24,18.4471,27.63,44.79,24.31,55.08,36.86,34.13,78.96,36.5,49.99,128.38,21.69,27.375,21.24,25.81,61.91,55.42,51.95,17.4275,29.0249
2010-07-25,18.4471,27.63,44.79,24.31,55.08,36.86,34.13,78.96,36.5,49.99,128.38,21.69,27.375,21.24,25.81,61.91,55.42,51.95,17.4275,29.0249
2010-07-26,19.4378,27.8,45.43,25.255,55.1,38.65,34.4,83.39,36.74,50.27,128.41,21.71,27.47,21.79,26.1,62.52,55.47,51.97,17.5375,29.3496
2010-07-27,18.9558,27.84,44.55,24.965,55.83,38.0,34.28,82.37,36.22,51.59,128.63,21.58,27.525,21.54,26.16,63.08,55.76,52.39,17.2575,29.4371
2010-07-28,18.6078,27.66,44.58,25.755,53.97,37.71,34.04,82.84,35.44,51.5,128.43,21.33,27.44,21.42,25.95,62.7,55.44,52.39,17.03,28.9375
2010-07-29,18.5274,27.0,44.56,25.3,46.29,38.47,33.71,82.07,35.16,51.34,128.02,21.03,27.495,21.31,26.03,61.67,56.04,52.38,17.3475,29.3621
2010-07-30,18.9558,27.36,44.64,25.22,49.65,38.47,33.69,82.55,35.17,51.08,128.4,20.6,27.555,21.16,25.81,61.16,57.29,51.92,17.3775,29.3247
2010-07-31,18.9558,27.36,44.64,25.22,49.65,38.47,33.69,82.55,35.17,51.08,128.4,20.6,27.555,21.16,25.81,61.16,57.29,51.92,17.3775,29.3247
2010-08-01,18.9558,27.36,44.64,25.22,49.65,38.47,33.69,82.55,35.17,51.08,128.4,20.6,27.555,21.16,25.81,61.16,57.29,51.92,17.3775,29.3247
2010-08-02,19.9197,28.32,44.99,25.85,52.14,39.42,34.48,84.6,36.0,53.74,130.76,21.15,28.205,21.5,26.33,62.06,58.38,54.65,17.625,29.9117
2010-08-03,19.6787,28.49,44.6,26.13,51.57,40.0,34.21,83.63,36.3,53.3,130.37,20.87,28.19,21.17,26.16,59.94,57.12,54.6,17.3125,29.6868
2010-08-04,19.411,28.61,44.11,25.7,51.61,39.39,34.83,85.96,36.22,53.33,131.27,20.73,28.275,21.76,25.73,59.55,56.71,54.72,17.465,29.9616
2010-08-05,19.0629,30.25,43.22,25.995,54.48,40.68,34.98,85.75,36.16,53.33,131.83,20.67,28.185,22.03,25.37,59.86,58.0,54.85,17.565,30.0116
2010-08-06,19.2236,30.18,43.5,26.15,55.66,41.33,35.0,85.32,36.52,53.08,130.14,20.65,28.375,22.05,25.55,60.02,59.08,55.19,17.6,30.9108
2010-08-07,19.2236,30.18,43.5,26.15,55.66,41.33,35.0,85.32,36.52,53.08,130.14,20.65,28.375,22.05,25.55,60.02,59.08,55.19,17.6,30.9108
2010-08-08,19.2236,30.18,43.5,26.15,55.66,41.33,35.0,85.32,36.52,53.08,130.14,20.65,28.375,22.05,25.55,60.02,59.08,55.19,17.6,30.9108
2010-08-09,19.5716,30.63,43.75,26.305,54.97,40.86,35.16,87.29,36.84,53.29,132.0,20.65,28.555,22.34,25.61,60.38,59.54,55.12,18.005,30.8858
2010-08-10,19.1968,30.64,44.09,26.705,54.92,40.11,35.29,87.1,37.4,53.13,131.84,19.82,28.49,22.34,25.07,60.78,59.23,53.91,17.7825,30.6735
2010-08-11,18.2597,29.84,42.96,25.595,53.21,38.79,34.22,83.13,36.46,51.7,129.83,19.425,28.02,21.8,24.86,60.27,56.6,50.89,17.0475,29.6244
2010-08-12,18.34,30.6,42.15,25.66,54.41,38.38,33.99,81.94,37.2,51.4,128.3,19.45,27.845,21.77,24.49,59.99,55.5,50.63,17.2275,29.8492
2010-08-13,18.4739,30.05,41.73,25.695,54.19,38.93,33.68,80.8,38.14,50.9,127.87,19.15,27.865,21.74,24.4,59.82,55.49,51.0,17.1375,29.9117
2010-08-14,18.4739,30.05,41.73,25.695,54.19,38.93,33.68,80.8,38.14,50.9,127.87,19.15,27.865,21.74,24.4,59.82,55.49,51.0,17.1375,29.9117
2010-08-15,18.4739,30.05,41.73,25.695,54.19,38.93,33.68,80.8,38.14,50.9,127.87,19.15,27.865,21.74,24.4,59.82,55.49,51.0,17.1375,29.9117
2010-08-16,18.34,30.04,41.54,25.905,54.0,38.4,33.66,80.98,38.05,51.1,127.77,19.47,27.94,21.71,24.5,59.77,54.72,51.85,17.3075,30.1365
2010-08-17,18.6345,30.78,41.74,25.85,54.81,38.05,33.76,83.76,38.12,51.75,128.45,19.53,28.06,22.19,24.71,60.29,55.68,52.86,17.3275,30.049
2010-08-18,18.581,30.71,41.69,25.68,54.76,37.3,33.91,84.04,38.01,51.01,129.3925,19.59,27.92,22.3,24.82,60.75,55.37,52.71,17.5825,30.0865
2010-08-19,17.8581,30.23,40.96,25.39,54.07,36.24,33.19,81.58,37.29,49.83,128.9,18.9,27.64,21.76,24.44,60.19,52.87,51.53,17.515,29.537
2010-08-20,17.5904,30.52,40.76,25.265,53.64,36.4,33.05,81.23,37.54,49.3,127.5,18.91,27.65,21.73,24.23,59.98,52.44,51.05,17.7,29.4121
2010-08-21,17.5904,30.52,40.76,25.265,53.64,36.4,33.05,81.23,37.54,49.3,127.5,18.91,27.65,21.73,24.23,59.98,52.44,51.05,17.7,29.4121
2010-08-22,17.5904,30.52,40.76,25.265,53.64,36.4,33.05,81.23,37.54,49.3,127.5,18.91,27.65,21.73,24.23,59.98,52.44,51.05,17.7,29.4121
2010-08-23,17.2959,30.33,40.2,25.475,53.12,36.12,32.93,81.44,38.01,49.44,126.47,18.7,27.8,21.55,24.28,60.03,51.94,50.84,17.755,29.4121
2010-08-24,16.6801,29.88,39.57,24.885,51.95,34.92,32.14,79.09,37.18,48.55,124.9,18.405,27.83,21.22,24.04,59.66,50.61,47.93,17.2025,29.0374
2010-08-25,16.1714,30.11,39.8,25.055,52.05,35.25,32.11,78.75,37.43,48.92,125.27,18.48,27.695,21.56,24.1,59.67,50.39,48.6,17.0,28.9375
2010-08-26,16.0375,29.97,39.73,24.895,51.13,35.42,31.94,78.76,37.56,48.93,122.78,18.18,27.58,21.18,23.82,59.54,49.65,48.68,16.7675,28.8001
2010-08-27,16.1714,30.53,40.91,25.115,52.84,35.56,32.78,80.46,37.98,49.57,124.73,18.37,28.08,21.27,23.93,59.8,51.43,50.41,17.16,29.8492
2010-08-28,16.1714,30.53,40.91,25.115,52.84,35.56,32.78,80.46,37.98,49.57,124.73,18.37,28.08,21.27,23.93,59.8,51.43,50.41,17.16,29.8492
2010-08-29,16.1714,30.53,40.91,25.115,52.84,35.56,32.78,80.46,37.98,49.57,124.73,18.37,28.08,21.27,23.93,59.8,51.43,50.41,17.16,29.8492
2010-08-30,16.5194,30.55,39.89,24.825,52.0,35.26,32.35,78.78,37.68,48.99,123.4,17.96,27.775,20.87,23.64,59.37,50.08,49.28,17.07,29.4745
2010-08-31,16.3855,30.81,39.87,24.715,53.0,34.83,32.54,78.05,37.4,49.2,123.13,17.665,27.9412,20.99,23.465,59.67,50.6,50.43,16.995,30.2239
2010-09-01,16.7871,31.35,41.07,25.245,53.88,36.16,33.51,81.37,38.78,50.07,125.77,18.14,28.655,21.21,23.9,59.8,52.79,54.11,17.5575,30.3238
2010-09-02,16.8942,31.54,40.88,25.27,55.65,36.57,33.91,81.72,38.95,50.36,125.04,18.28,28.69,21.66,23.94,60.07,53.51,54.02,17.8525,30.4112
2010-09-03,17.0013,32.0,41.8,25.62,55.65,37.43,34.67,82.75,39.29,50.68,127.58,18.43,28.78,21.94,24.29,60.29,55.03,54.89,18.155,31.0232
2010-09-04,17.0013,32.0,41.8,25.62,55.65,37.43,34.67,82.75,39.29,50.68,127.58,18.43,28.78,21.94,24.29,60.29,55.03,54.89,18.155,31.0232
2010-09-05,17.0013,32.0,41.8,25.62,55.65,37.43,34.67,82.75,39.29,50.68,127.58,18.43,28.78,21.94,24.29,60.29,55.03,54.89,18.155,31.0232
2010-09-06,17.0013,32.0,41.8,25.62,55.65,37.43,34.67,82.75,39.29,50.68,127.58,18.43,28.78,21.94,24.29,60.29,55.03,54.89,18.155,31.0232
2010-09-07,16.2517,31.39,40.09,25.505,54.86,37.19,33.84,81.98,38.91,50.58,125.95,18.12,28.815,21.62,23.96,60.14,53.44,53.03,18.33,30.5486
2010-09-08,16.3052,31.95,40.07,25.64,55.93,38.37,33.84,83.81,39.1,50.46,126.08,17.9,28.915,21.69,23.93,60.37,53.79,53.5,18.62,30.9233
2010-09-09,16.1981,31.85,40.69,25.715,56.7,38.02,34.08,84.28,39.5,50.8,126.36,18.0,29.145,22.02,24.01,60.29,54.65,54.29,18.365,30.9857
2010-09-10,16.332,32.72,40.19,25.89,57.04,38.22,34.15,84.16,39.44,50.86,127.99,17.97,29.26,22.04,23.85,60.4,53.87,54.22,18.41,30.9483
2010-09-11,16.332,32.72,40.19,25.89,57.04,38.22,34.15,84.16,39.44,50.86,127.99,17.97,29.26,22.04,23.85,60.4,53.87,54.22,18.41,30.9483
2010-09-12,16.332,32.72,40.19,25.89,57.04,38.22,34.15,84.16,39.44,50.86,127.99,17.97,29.26,22.04,23.85,60.4,53.87,54.22,18.41,30.9483
2010-09-13,16.6533,32.68,41.22,25.92,58.1,38.35,34.27,84.62,39.48,52.01,129.61,18.5575,29.015,22.05,25.11,60.48,55.18,55.79,18.575,31.0232
2010-09-14,17.162,32.16,40.38,26.24,56.09,38.52,34.05,85.09,39.77,52.18,128.85,18.74,28.795,21.85,25.03,60.64,54.69,56.01,18.87,31.2855
2010-09-15,17.3963,32.54,40.85,26.2,56.65,38.18,34.21,85.94,40.04,52.82,129.43,18.72,28.71,22.14,25.115,61.11,55.56,56.02,19.075,31.5727
2010-09-16,17.6171,33.21,40.96,26.22,57.09,38.27,34.17,82.72,39.91,52.89,129.67,18.97,28.755,22.38,25.33,61.11,55.39,55.83,18.86,31.4728
2010-09-17,17.5904,32.38,41.37,26.025,57.46,38.03,34.56,82.28,39.82,52.63,130.19,18.81,28.78,22.59,25.22,60.97,55.22,55.74,18.845,31.5727
2010-09-18,17.5904,32.38,41.37,26.025,57.46,38.03,34.56,82.28,39.82,52.63,130.19,18.81,28.78,22.59,25.22,60.97,55.22,55.74,18.845,31.5727
2010-09-19,17.5904,32.38,41.37,26.025,57.46,38.03,34.56,82.28,39.82,52.63,130.19,18.81,28.78,22.59,25.22,60.97,55.22,55.74,18.845,31.5727
2010-09-20,17.7778,32.95,43.12,26.145,57.5,38.68,34.9,82.91,40.33,53.06,131.79,18.9301,28.985,23.1,25.43,61.43,56.3,56.34,19.335,32.1847
2010-09-21,18.4203,32.85,42.78,26.175,56.66,38.59,34.5,83.63,40.35,52.59,131.98,19.14,29.055,22.95,25.15,61.52,57.56,56.22,19.31,32.0973
2010-09-22,16.8139,33.39,42.79,26.185,58.63,38.09,33.99,84.3,40.15,52.07,132.57,19.01,29.115,23.02,24.61,61.79,56.45,57.15,18.995,31.9974
2010-09-23,16.6801,33.01,42.36,25.855,59.47,38.13,33.12,82.66,39.43,51.75,131.67,18.98,28.935,23.22,24.43,61.22,54.55,56.81,18.985,31.7351
2010-09-24,17.0817,32.27,43.13,26.345,60.74,38.46,33.58,84.23,40.47,52.61,134.11,19.4225,29.31,23.76,24.775,61.64,56.01,58.69,19.295,32.0848
2010-09-25,17.0817,32.27,43.13,26.345,60.74,38.46,33.58,84.23,40.47,52.61,134.11,19.4225,29.31,23.76,24.775,61.64,56.01,58.69,19.295,32.0848
2010-09-26,17.0817,32.27,43.13,26.345,60.74,38.46,33.58,84.23,40.47,52.61,134.11,19.4225,29.31,23.76,24.775,61.64,56.01,58.69,19.295,32.0848
2010-09-27,17.2691,32.64,43.44,26.02,60.35,38.71,33.29,84.07,40.31,52.2,134.65,19.235,29.3,23.3,24.7325,61.04,55.73,58.48,19.175,31.6726
2010-09-28,16.9478,32.89,43.69,26.01,61.61,39.29,33.22,84.71,40.08,52.03,134.89,19.505,29.55,23.66,24.6775,60.62,55.8,59.6,19.8,31.5977
2010-09-29,16.8675,32.57,43.01,25.61,61.19,40.0,33.01,86.37,39.72,51.24,135.48,19.24,29.38,23.55,24.5,60.25,56.53,59.28,19.61,31.4603
2010-09-30,16.7871,31.92,42.03,25.35,59.16,41.17,33.1,85.5,39.52,50.59,134.14,19.2,29.26,23.46,24.49,59.97,54.18,58.73,19.83,30.9857
2010-10-01,16.5997,31.92,41.78,25.495,57.45,41.95,33.34,85.64,39.79,51.82,135.64,19.32,29.56,23.61,24.38,60.16,53.07,59.83,19.6,31.5977
2010-10-02,16.5997,31.92,41.78,25.495,57.45,41.95,33.34,85.64,39.79,51.82,135.64,19.32,29.56,23.61,24.38,60.16,53.07,59.83,19.6,31.5977
2010-10-03,16.5997,31.92,41.78,25.495,57.45,41.95,33.34,85.64,39.79,51.82,135.64,19.32,29.56,23.61,24.38,60.16,53.07,59.83,19.6,31.5977
2010-10-04,15.9572,31.61,39.05,25.455,57.63,40.82,33.14,85.43,39.79,51.68,135.25,18.87,29.44,23.25,23.91,59.96,52.55,58.59,19.31,31.6976
2010-10-05,16.3588,32.38,38.28,25.825,57.84,41.33,33.83,87.83,40.55,52.96,137.66,19.15,29.83,24.07,24.35,60.82,54.02,60.71,19.465,32.1222
2010-10-06,16.6265,32.3,38.02,25.745,58.09,41.61,33.55,87.38,40.72,52.67,137.84,19.31,29.9,23.49,24.43,60.87,54.13,62.35,19.525,32.372
2010-10-07,16.8139,32.73,37.82,25.95,58.76,41.52,33.91,86.74,41.19,52.55,138.72,19.4,29.72,23.66,24.53,60.8,53.82,61.58,19.51,32.2721
2010-10-08,17.0013,32.86,37.99,26.12,60.37,41.92,34.51,88.69,41.66,52.46,138.85,19.52,29.705,23.95,24.57,61.86,54.04,62.78,19.29,32.3221
2010-10-09,17.0013,32.86,37.99,26.12,60.37,41.92,34.51,88.69,41.66,52.46,138.85,19.52,29.705,23.95,24.57,61.86,54.04,62.78,19.29,32.3221
2010-10-10,17.0013,32.86,37.99,26.12,60.37,41.92,34.51,88.69,41.66,52.46,138.85,19.52,29.705,23.95,24.57,61.86,54.04,62.78,19.29,32.3221
2010-10-11,16.6265,32.56,37.94,26.17,61.31,41.24,34.57,88.4,41.44,52.59,139.66,19.56,29.78,23.99,24.59,62.14,53.45,62.17,19.435,32.4345
2010-10-12,17.0549,32.71,38.54,26.3,60.84,41.26,34.48,87.98,41.46,52.6,139.85,19.77,29.8,23.93,24.83,62.02,53.98,62.17,19.985,32.2877
2010-10-13,16.8942,33.22,39.26,26.445,61.65,41.41,34.91,89.75,41.86,52.86,140.37,19.24,29.97,24.29,25.34,62.63,54.4,64.06,19.885,32.7717
2010-10-14,16.7871,33.28,39.44,26.63,61.04,41.02,34.85,89.39,41.65,53.05,141.5,19.32,29.955,24.0,25.23,62.8,54.18,65.89,19.855,33.4211
2010-10-15,16.7604,33.27,39.09,26.595,60.65,40.62,34.88,89.62,41.53,52.28,141.06,19.32,29.97,22.45,25.54,62.76,53.82,66.41,19.82,33.6178
2010-10-16,16.7604,33.27,39.09,26.595,60.65,40.62,34.88,89.62,41.53,52.28,141.06,19.32,29.97,22.45,25.54,62.76,53.82,66.41,19.82,33.6178
2010-10-17,16.7604,33.27,39.09,26.595,60.65,40.62,34.88,89.62,41.53,52.28,141.06,19.32,29.97,22.45,25.54,62.76,53.82,66.41,19.82,33.6178
2010-10-18,17.0817,33.58,39.55,26.75,60.78,41.49,34.75,89.47,41.62,52.59,142.83,19.19,30.0,22.55,25.82,63.35,54.66,65.44,19.33,33.7209
2010-10-19,17.4565,32.96,39.3075,25.875,60.04,40.94,34.24,87.14,40.72,51.82,138.03,19.21,30.17,22.68,25.1,63.18,53.24,62.06,19.095,32.8591
2010-10-20,19.6519,33.43,39.73,26.385,60.65,41.1,34.62,88.92,40.92,52.34,139.07,19.64,30.575,22.33,25.31,63.37,54.23,64.36,18.995,33.5585
2010-10-21,19.3842,33.43,40.27,26.055,61.24,40.65,34.68,88.57,40.5,52.55,139.83,19.76,30.735,22.73,25.42,63.51,54.34,64.47,18.74,32.959
2010-10-22,19.8661,33.54,39.03,26.06,61.74,40.5,34.97,88.86,40.27,52.21,139.67,19.835,30.805,23.25,25.3775,63.4,52.71,64.36,19.16,32.9965
2010-10-23,19.8661,33.54,39.03,26.06,61.74,40.5,34.97,88.86,40.27,52.21,139.67,19.835,30.805,23.25,25.3775,63.4,52.71,64.36,19.16,32.9965
2010-10-24,19.8661,33.54,39.03,26.06,61.74,40.5,34.97,88.86,40.27,52.21,139.67,19.835,30.805,23.25,25.3775,63.4,52.71,64.36,19.16,32.9965
2010-10-25,19.9732,33.71,39.3,26.025,62.56,40.21,35.46,89.56,40.31,52.43,139.84,19.87,30.505,23.62,25.19,63.54,52.98,66.07,19.73,32.8466
2010-10-26,20.5355,33.37,40.1,25.955,62.21,40.65,35.96,89.64,40.17,52.28,140.67,20.04,30.62,23.365,25.9,62.86,53.52,66.11,19.94,33.4211
2010-10-27,21.2048,33.22,40.68,25.465,61.7,40.1,35.92,88.13,39.36,51.99,141.43,20.19,30.595,23.42,26.05,63.08,53.25,64.72,19.52,33.0839
2010-10-28,21.3655,33.45,41.22,25.215,58.95,40.6,36.51,88.83,39.38,52.42,140.9,20.47,30.605,23.195,26.28,63.19,53.03,65.21,19.48,34.2454
2010-10-29,21.1245,33.32,41.46,25.23,60.07,40.8,36.125,87.72,39.04,52.11,143.6,20.05,30.66,23.33,26.665,63.57,52.58,65.12,19.79,34.3578
2010-10-30,21.1245,33.32,41.46,25.23,60.07,40.8,36.125,87.72,39.04,52.11,143.6,20.05,30.66,23.33,26.665,63.57,52.58,65.12,19.79,34.3578
2010-10-31,21.1245,33.32,41.46,25.23,60.07,40.8,36.125,87.72,39.04,52.11,143.6,20.05,30.66,23.33,26.665,63.57,52.58,65.12,19.79,34.3578
2010-11-01,20.6961,33.39,41.56,24.975,60.65,40.77,36.03,86.42,39.31,52.38,143.32,20.57,30.855,23.4,26.95,63.62,52.66,65.24,19.535,34.3453
2010-11-02,21.0174,31.19,42.39,25.125,59.94,41.42,36.11,87.03,39.05,52.76,143.84,20.34,30.93,24.06,27.39,64.02,52.97,66.63,19.865,34.4702
2010-11-03,22.4096,31.05,42.07,25.17,59.67,42.37,36.29,87.44,39.26,53.91,144.17,20.48,30.975,23.74,27.03,64.31,54.11,66.78,19.835,35.1197
2010-11-04,22.3293,31.56,43.73,25.025,60.62,43.91,37.03,88.8,40.05,56.92,146.79,20.97,31.225,24.13,27.14,65.0,55.59,70.52,20.535,35.6067
2010-11-05,23.7483,31.35,44.07,25.05,60.25,43.79,37.2,90.0,40.85,55.55,146.92,21.24,31.29,23.94,26.85,65.0,55.64,70.8,20.845,35.5443
2010-11-06,23.7483,31.35,44.07,25.05,60.25,43.79,37.2,90.0,40.85,55.55,146.92,21.24,31.29,23.94,26.85,65.0,55.64,70.8,20.845,35.5443
2010-11-07,23.7483,31.35,44.07,25.05,60.25,43.79,37.2,90.0,40.85,55.55,146.92,21.24,31.29,23.94,26.85,65.0,55.64,70.8,20.845,35.5443
2010-11-08,23.4538,31.19,43.9,24.845,59.81,43.23,37.06,90.31,40.5,55.71,146.46,21.23,31.23,23.91,26.81,64.75,54.99,70.62,20.92,35.4631
2010-11-09,22.8112,30.85,43.36,24.78,61.32,43.0,36.86,88.12,39.61,55.43,146.14,21.16,31.32,23.64,26.95,64.81,54.89,70.51,20.68,34.8574
2010-11-10,22.5703,30.78,43.56,24.79,61.85,43.53,36.99,88.48,39.9,55.77,146.55,21.04,31.275,23.805,26.94,64.57,55.78,70.78,20.805,34.9823
2010-11-11,23.1325,30.68,43.35,24.545,62.17,43.68,35.9275,87.98,39.75,55.36,145.43,21.21,31.4,23.94,26.68,64.36,55.02,71.48,20.87,34.9698
2010-11-12,22.8112,30.23,42.7,24.52,60.37,42.99,37.75,87.32,39.62,54.67,143.74,21.53,31.46,23.69,26.27,64.33,54.5,69.49,20.34,34.9698
2010-11-13,22.8112,30.23,42.7,24.52,60.37,42.99,37.75,87.32,39.62,54.67,143.74,21.53,31.46,23.69,26.27,64.33,54.5,69.49,20.34,34.9698
2010-11-14,22.8112,30.23,42.7,24.52,60.37,42.99,37.75,87.32,39.62,54.67,143.74,21.53,31.46,23.69,26.27,64.33,54.5,69.49,20.34,34.9698
2010-11-15,22.3829,30.19,42.7,24.225,60.18,43.04,37.25,86.39,39.23,54.54,143.64,21.295,31.48,23.5525,26.2,64.29,54.53,69.23,20.265,34.8074
2010-11-16,21.6332,29.58,41.93,24.09,59.54,41.78,36.92,85.87,38.54,52.91,142.24,21.07,31.04,24.33,25.81,63.45,53.26,66.3,20.23,33.9706
2010-11-17,21.4993,29.52,41.41,24.125,60.18,41.6,37.22,85.63,39.57,52.51,141.95,21.08,31.26,24.92,25.57,63.27,53.86,65.76,20.36,33.1089
2010-11-18,22.0348,29.79,42.25,24.61,61.32,42.21,37.58,87.09,40.25,53.37,144.36,21.015,31.92,25.11,25.8375,64.02,54.47,68.71,20.45,33.596
2010-11-19,22.0616,29.66,42.75,24.45,61.52,42.03,37.01,86.79,40.16,52.67,145.05,21.135,32.16,25.1,25.69,64.05,53.78,68.01,20.745,33.6459
2010-11-20,22.0616,29.66,42.75,24.45,61.52,42.03,37.01,86.79,40.16,52.67,145.05,21.135,32.16,25.1,25.69,64.05,53.78,68.01,20.745,33.6459
2010-11-21,22.0616,29.66,42.75,24.45,61.52,42.03,37.01,86.79,40.16,52.67,145.05,21.135,32.16,25.1,25.69,64.05,53.78,68.01,20.745,33.6459
2010-11-22,22.008,29.67,42.22,24.495,61.39,41.64,36.95,87.34,39.98,52.27,145.39,21.25,32.135,25.18,25.73,63.56,52.84,67.75,20.98,33.3587
2010-11-23,21.5529,29.09,41.95,23.82,60.6,40.89,36.12,86.14,39.01,51.1,143.18,21.0875,31.81,25.26,25.12,62.61,51.59,65.02,20.92,32.447
2010-11-24,23.2932,29.48,43.0,24.155,62.3,41.47,36.87,88.47,39.09,51.66,145.81,21.3875,32.305,25.45,25.37,62.6,52.44,66.45,21.195,32.6343
2010-11-25,23.2932,29.48,43.0,24.155,62.3,41.47,36.87,88.47,39.09,51.66,145.81,21.3875,32.305,25.45,25.37,62.6,52.44,66.45,21.195,32.6343
2010-11-26,23.079,29.21,42.27,24.005,61.67,40.93,36.7,87.5,39.42,50.79,143.9,21.34,32.055,25.73,25.25,62.13,51.54,65.51,21.145,32.3845
2010-11-27,23.079,29.21,42.27,24.005,61.67,40.93,36.7,87.5,39.42,50.79,143.9,21.34,32.055,25.73,25.25,62.13,51.54,65.51,21.145,32.3845
2010-11-28,23.079,29.21,42.27,24.005,61.67,40.93,36.7,87.5,39.42,50.79,143.9,21.34,32.055,25.73,25.25,62.13,51.54,65.51,21.145,32.3845
2010-11-29,22.7041,28.88,43.33,23.8,60.78,40.59,36.42,91.59,38.72,51.02,142.89,21.33,31.695,25.68,25.31,62.13,51.33,64.45,21.0,31.6477
2010-11-30,22.9183,28.99,43.22,23.465,60.82,40.0,36.51,91.12,38.28,50.56,141.46,21.1575,31.585,25.84,25.2575,61.07,50.68,64.13,21.235,31.298
2010-12-01,23.1058,29.49,44.3,23.795,61.98,40.62,37.12,93.99,38.66,51.5,144.41,21.48,32.35,25.62,26.04,62.15,51.95,66.53,21.895,32.3096
2010-12-02,22.6238,30.12,44.98,23.995,62.54,41.32,37.34,95.21,38.94,52.02,145.18,21.7,32.45,25.57,26.89,62.36,53.92,68.94,22.72,32.3595
2010-12-03,22.3561,30.39,44.88,24.115,63.94,41.49,37.59,95.0,39.19,52.58,145.38,21.69,32.25,26.02,27.02,62.33,53.64,70.08,22.99,32.4095
2010-12-04,22.3561,30.39,44.88,24.115,63.94,41.49,37.59,95.0,39.19,52.58,145.38,21.69,32.25,26.02,27.02,62.33,53.64,70.08,22.99,32.4095
2010-12-05,22.3561,30.39,44.88,24.115,63.94,41.49,37.59,95.0,39.19,52.58,145.38,21.69,32.25,26.02,27.02,62.33,53.64,70.08,22.99,32.4095
2010-12-06,22.4364,30.15,45.0,23.855,64.36,42.81,37.56,93.29,39.08,52.37,144.99,21.7,31.995,25.7375,26.84,62.06,53.45,70.31,23.01,32.6593
2010-12-07,21.3655,30.17,44.78,23.935,63.82,42.89,37.33,92.66,39.35,52.24,144.02,21.58,32.07,25.65,26.87,62.15,53.64,71.02,23.185,32.5843
2010-12-08,20.6426,29.95,45.63,24.065,63.24,43.27,36.97,92.81,39.45,52.1,144.98,21.82,32.195,25.56,27.23,62.63,55.46,69.63,23.09,32.447
2010-12-09,21.2985,30.44,45.81,23.835,62.69,42.79,36.74,94.09,39.58,52.5,144.3,21.81,32.415,25.47,27.08,62.87,56.33,69.73,23.405,32.3845
2010-12-10,21.3387,31.07,46.26,23.895,62.39,43.24,36.66,93.98,39.64,52.6,144.82,21.91,32.325,25.475,27.34,63.2,56.83,70.27,23.835,32.959
2010-12-11,21.3387,31.07,46.26,23.895,62.39,43.24,36.66,93.98,39.64,52.6,144.82,21.91,32.325,25.475,27.34,63.2,56.83,70.27,23.835,32.959
2010-12-12,21.3387,31.07,46.26,23.895,62.39,43.24,36.66,93.98,39.64,52.6,144.82,21.91,32.325,25.475,27.34,63.2,56.83,70.27,23.835,32.959
2010-12-13,20.9371,30.6925,46.37,24.39,62.56,43.43,37.13,94.31,39.98,52.63,144.28,21.5,32.425,25.4,27.245,63.19,56.74,71.2,23.79,33.4961
2010-12-14,20.6961,30.56,46.2,24.58,62.62,44.44,37.24,93.33,39.86,52.68,145.82,21.47,31.95,25.46,27.62,63.55,56.33,70.35,23.875,33.6834
2010-12-15,20.241,30.22,46.12,24.64,61.51,43.86,36.95,92.39,39.8,51.66,144.72,21.28,32.37,25.28,27.85,63.64,56.52,68.93,23.765,33.0215
2010-12-16,20.9906,30.35,44.57,24.615,61.65,43.75,37.01,94.22,40.04,51.55,144.55,21.3,32.67,25.36,27.9875,64.5,57.36,69.95,24.275,33.1838
2010-12-17,20.9103,30.03,44.01,23.19,62.04,43.25,37.05,93.07,39.51,51.01,145.0,21.46,32.85,25.66,27.9025,64.81,58.09,69.5,24.235,33.3275
2010-12-18,20.9103,30.03,44.01,23.19,62.04,43.25,37.05,93.07,39.51,51.01,145.0,21.46,32.85,25.66,27.9025,64.81,58.09,69.5,24.235,33.3275
2010-12-19,20.9103,30.03,44.01,23.19,62.04,43.25,37.05,93.07,39.51,51.01,145.0,21.46,32.85,25.66,27.9025,64.81,58.09,69.5,24.235,33.3275
2010-12-20,21.178,30.25,42.5,22.975,62.02,43.68,37.06,93.56,39.35,50.96,144.51,21.23,32.655,25.66,27.81,64.97,58.48,69.08,24.2,33.1838
2010-12-21,21.5529,30.15,43.23,22.96,62.24,43.54,37.33,93.69,39.09,51.27,145.74,21.1,32.745,25.87,28.07,64.87,59.56,70.72,24.08,33.0714
2010-12-22,21.2851,30.59,42.81,22.9,63.75,43.61,37.95,93.37,39.07,51.51,145.95,20.89,32.795,26.23,28.1875,64.95,59.95,70.97,24.095,32.9465
2010-12-23,20.83,30.21,42.77,23.015,64.0,44.0,37.7,93.01,39.18,51.47,145.89,20.84,32.79,25.88,28.3,65.24,59.38,70.39,24.2,33.2713
2010-12-24,20.83,30.21,42.77,23.015,64.0,44.0,37.7,93.01,39.18,51.47,145.89,20.84,32.79,25.88,28.3,65.24,59.38,70.39,24.2,33.2713
2010-12-25,20.83,30.21,42.77,23.015,64.0,44.0,37.7,93.01,39.18,51.47,145.89,20.84,32.79,25.88,28.3,65.24,59.38,70.39,24.2,33.2713
2010-12-26,20.83,30.21,42.77,23.015,64.0,44.0,37.7,93.01,39.18,51.47,145.89,20.84,32.79,25.88,28.3,65.24,59.38,70.39,24.2,33.2713
2010-12-27,21.1245,30.09,43.05,23.015,64.22,43.97,37.48,93.03,39.15,51.2,145.34,20.84,32.535,25.89,28.07,64.67,59.71,69.6,24.22,33.2338
2010-12-28,20.6693,29.78,42.79,22.97,64.31,44.11,37.36,93.02,39.14,51.04,145.71,20.88,32.68,25.7,28.01,64.76,59.46,70.03,24.135,33.1214
2010-12-29,20.83,29.75,42.86,23.09,64.58,43.95,37.6,92.8,39.28,51.29,146.52,20.94,32.725,25.71,27.97,64.4,58.95,70.82,24.19,32.8716
2010-12-30,20.7764,29.9,42.51,23.03,65.19,43.89,37.48,92.96,39.05,50.88,146.67,21.02,32.75,25.58,27.85,64.28,58.52,71.33,24.465,32.5219
2010-12-31,20.8568,30.08,42.92,23.095,65.52,44.17,37.51,93.01,39.22,51.04,146.76,21.03,32.885,25.43,27.91,64.33,58.71,71.66,24.245,33.0215
2011-01-01,20.8568,30.08,42.92,23.095,65.52,44.17,37.51,93.01,39.22,51.04,146.76,21.03,32.885,25.43,27.91,64.33,58.71,71.66,24.245,33.0215
